Time[s], level
1260,	1260,	0,	reset
1381,	121,	1,	mar
1410,	29,	0,	ch:0-S
1456,	46,	0,	ch:0-7
1467,	11,	0,	ch:0-6
1496,	29,	0,	ch:0-5
1541,	45,	0,	ch:0-4
1582,	41,	0,	ch:0-3
1607,	25,	0,	ch:0-2
1642,	35,	0,	ch:0-1
1652,	10,	0,	ch:0-0
1673,	21,	1,	ch:0-T
1688,	15,	0,	ch:1-S
1718,	30,	0,	ch:1-7
1728,	10,	0,	ch:1-6
1734,	6,	0,	ch:1-5
1765,	31,	0,	ch:1-4
1801,	36,	0,	ch:1-3
1818,	17,	0,	ch:1-2
1847,	29,	1,	ch:1-1
1853,	6,	0,	ch:1-0
1903,	50,	1,	ch:1-T
1935,	32,	0,	ch:2-S
1945,	10,	0,	ch:2-7
1960,	15,	0,	ch:2-6
1979,	19,	0,	ch:2-5
2017,	38,	0,	ch:2-4
2059,	42,	0,	ch:2-3
2096,	37,	0,	ch:2-2
2126,	30,	0,	ch:2-1
2149,	23,	0,	ch:2-0
2186,	37,	1,	ch:2-T
2222,	36,	0,	ch:3-S
2254,	32,	0,	ch:3-7
2291,	37,	0,	ch:3-6
2309,	18,	0,	ch:3-5
2326,	17,	0,	ch:3-4
2338,	12,	0,	ch:3-3
2372,	34,	0,	ch:3-2
2391,	19,	0,	ch:3-1
2424,	33,	0,	ch:3-0
2461,	37,	1,	ch:3-T
2520,	59,	0,	ch:4-S
2557,	37,	0,	ch:4-7
2575,	18,	0,	ch:4-6
2605,	30,	0,	ch:4-5
2612,	7,	0,	ch:4-4
2643,	31,	0,	ch:4-3
2651,	8,	0,	ch:4-2
2697,	46,	0,	ch:4-1
2705,	8,	0,	ch:4-0
2739,	34,	1,	ch:4-T
2757,	18,	0,	ch:5-S
2783,	26,	0,	ch:5-7
2813,	30,	0,	ch:5-6
2832,	19,	0,	ch:5-5
2846,	14,	0,	ch:5-4
2867,	21,	0,	ch:5-3
2901,	34,	0,	ch:5-2
2952,	51,	0,	ch:5-1
2987,	35,	0,	ch:5-0
3131,	144,	1,	ch:5-T
3181,	50,	0,	ch:6-S
3189,	8,	0,	ch:6-7
3219,	30,	0,	ch:6-6
3247,	28,	0,	ch:6-5
3277,	30,	0,	ch:6-4
3312,	35,	0,	ch:6-3
3334,	22,	0,	ch:6-2
3346,	12,	0,	ch:6-1
3362,	16,	0,	ch:6-0
3383,	21,	1,	ch:6-T
3428,	45,	0,	ch:7-S
3442,	14,	0,	ch:7-7
3471,	29,	0,	ch:7-6
3485,	14,	0,	ch:7-5
3496,	11,	0,	ch:7-4
3515,	19,	0,	ch:7-3
3532,	17,	0,	ch:7-2
3558,	26,	0,	ch:7-1
3585,	27,	0,	ch:7-0
3595,	10,	1,	ch:7-T
3615,	20,	0,	ch:8-S
3631,	16,	0,	ch:8-7
3640,	9,	0,	ch:8-6
3653,	13,	0,	ch:8-5
3689,	36,	0,	ch:8-4
3712,	23,	0,	ch:8-3
3739,	27,	0,	ch:8-2
3770,	31,	0,	ch:8-1
3792,	22,	0,	ch:8-0
3820,	28,	1,	ch:8-T
3846,	26,	0,	ch:9-S
3860,	14,	0,	ch:9-7
3877,	17,	0,	ch:9-6
3888,	11,	0,	ch:9-5
3898,	10,	0,	ch:9-4
3911,	13,	0,	ch:9-3
3933,	22,	0,	ch:9-2
3946,	13,	0,	ch:9-1
3965,	19,	0,	ch:9-0
3977,	12,	1,	ch:9-T
4007,	30,	0,	ch:10-S
4015,	8,	0,	ch:10-7
4048,	33,	0,	ch:10-6
4078,	30,	0,	ch:10-5
4113,	35,	0,	ch:10-4
4130,	17,	0,	ch:10-3
4162,	32,	0,	ch:10-2
4194,	32,	0,	ch:10-1
4224,	30,	0,	ch:10-0
4255,	31,	1,	ch:10-T
4276,	21,	0,	ch:11-S
4307,	31,	0,	ch:11-7
4337,	30,	0,	ch:11-6
4372,	35,	0,	ch:11-5
4389,	17,	0,	ch:11-4
4400,	11,	0,	ch:11-3
4434,	34,	0,	ch:11-2
4447,	13,	0,	ch:11-1
4472,	25,	0,	ch:11-0
4489,	17,	1,	ch:11-T
4509,	20,	0,	ch:12-S
4524,	15,	0,	ch:12-7
4532,	8,	0,	ch:12-6
4562,	30,	0,	ch:12-5
4598,	36,	0,	ch:12-4
4632,	34,	0,	ch:12-3
4646,	14,	0,	ch:12-2
4667,	21,	0,	ch:12-1
4687,	20,	0,	ch:12-0
4722,	35,	1,	ch:12-T
4757,	35,	0,	ch:13-S
4769,	12,	0,	ch:13-7
4803,	34,	0,	ch:13-6
4837,	34,	0,	ch:13-5
4853,	16,	0,	ch:13-4
4864,	11,	0,	ch:13-3
4873,	9,	0,	ch:13-2
4886,	13,	0,	ch:13-1
4974,	88,	0,	ch:13-0
4981,	7,	1,	ch:13-T
5018,	37,	0,	ch:14-S
5035,	17,	0,	ch:14-7
5069,	34,	0,	ch:14-6
5084,	15,	0,	ch:14-5
5102,	18,	0,	ch:14-4
5134,	32,	0,	ch:14-3
5164,	30,	0,	ch:14-2
5192,	28,	0,	ch:14-1
5220,	28,	0,	ch:14-0
5250,	30,	1,	ch:14-T
5309,	59,	0,	ch:15-S
5340,	31,	0,	ch:15-7
5348,	8,	0,	ch:15-6
5377,	29,	0,	ch:15-5
5389,	12,	0,	ch:15-4
5410,	21,	0,	ch:15-3
5420,	10,	0,	ch:15-2
5450,	30,	0,	ch:15-1
5487,	37,	0,	ch:15-0
5497,	10,	1,	ch:15-T
5535,	38,	0,	ch:16-S
5564,	29,	0,	ch:16-7
5594,	30,	0,	ch:16-6
5607,	13,	0,	ch:16-5
5622,	15,	0,	ch:16-4
5633,	11,	0,	ch:16-3
5644,	11,	0,	ch:16-2
5655,	11,	0,	ch:16-1
5672,	17,	0,	ch:16-0
5688,	16,	1,	ch:16-T
5706,	18,	0,	ch:17-S
5726,	20,	0,	ch:17-7
5756,	30,	0,	ch:17-6
5793,	37,	0,	ch:17-5
5826,	33,	0,	ch:17-4
5843,	17,	0,	ch:17-3
5853,	10,	0,	ch:17-2
5863,	10,	0,	ch:17-1
5876,	13,	0,	ch:17-0
5894,	18,	1,	ch:17-T
5920,	26,	0,	ch:18-S
5951,	31,	0,	ch:18-7
5972,	21,	0,	ch:18-6
6003,	31,	0,	ch:18-5
6032,	29,	0,	ch:18-4
6069,	37,	0,	ch:18-3
6083,	14,	0,	ch:18-2
6103,	20,	0,	ch:18-1
6136,	33,	0,	ch:18-0
6145,	9,	1,	ch:18-T
6183,	38,	0,	ch:19-S
6210,	27,	0,	ch:19-7
6217,	7,	0,	ch:19-6
6239,	22,	0,	ch:19-5
6253,	14,	0,	ch:19-4
6281,	28,	0,	ch:19-3
6289,	8,	0,	ch:19-2
6316,	27,	0,	ch:19-1
6327,	11,	0,	ch:19-0
6355,	28,	1,	ch:19-T
6388,	33,	0,	ch:20-S
6421,	33,	0,	ch:20-7
6454,	33,	0,	ch:20-6
6482,	28,	0,	ch:20-5
6491,	9,	0,	ch:20-4
6515,	24,	0,	ch:20-3
6527,	12,	0,	ch:20-2
6557,	30,	0,	ch:20-1
6592,	35,	0,	ch:20-0
6624,	32,	1,	ch:20-T
6654,	30,	0,	ch:21-S
6666,	12,	0,	ch:21-7
6701,	35,	0,	ch:21-6
6742,	41,	0,	ch:21-5
6779,	37,	0,	ch:21-4
6811,	32,	0,	ch:21-3
6822,	11,	0,	ch:21-2
6857,	35,	0,	ch:21-1
6883,	26,	0,	ch:21-0
6897,	14,	1,	ch:21-T
6931,	34,	0,	ch:22-S
6961,	30,	0,	ch:22-7
6994,	33,	0,	ch:22-6
7013,	19,	0,	ch:22-5
7024,	11,	0,	ch:22-4
7031,	7,	0,	ch:22-3
7038,	7,	0,	ch:22-2
7065,	27,	0,	ch:22-1
7077,	12,	0,	ch:22-0
7099,	22,	1,	ch:22-T
7132,	33,	0,	ch:23-S
7159,	27,	0,	ch:23-7
7165,	6,	0,	ch:23-6
7190,	25,	0,	ch:23-5
7198,	8,	0,	ch:23-4
7220,	22,	0,	ch:23-3
7235,	15,	0,	ch:23-2
7255,	20,	0,	ch:23-1
7264,	9,	0,	ch:23-0
7273,	9,	1,	ch:23-T
7314,	41,	0,	ch:24-S
7333,	19,	0,	ch:24-7
7358,	25,	0,	ch:24-6
7389,	31,	0,	ch:24-5
7409,	20,	0,	ch:24-4
7438,	29,	0,	ch:24-3
7479,	41,	0,	ch:24-2
7508,	29,	0,	ch:24-1
7523,	15,	0,	ch:24-0
7542,	19,	1,	ch:24-T
7569,	27,	0,	ch:25-S
7577,	8,	0,	ch:25-7
7621,	44,	0,	ch:25-6
7645,	24,	0,	ch:25-5
7652,	7,	0,	ch:25-4
7696,	44,	0,	ch:25-3
7720,	24,	0,	ch:25-2
7727,	7,	0,	ch:25-1
7770,	43,	0,	ch:25-0
7794,	24,	1,	ch:25-T
7843,	49,	0,	ch:26-S
7872,	29,	0,	ch:26-7
7887,	15,	0,	ch:26-6
7908,	21,	0,	ch:26-5
7931,	23,	0,	ch:26-4
7939,	8,	0,	ch:26-3
7953,	14,	0,	ch:26-2
7980,	27,	0,	ch:26-1
8016,	36,	0,	ch:26-0
8061,	45,	1,	ch:26-T
8084,	23,	0,	ch:27-S
8094,	10,	0,	ch:27-7
8120,	26,	0,	ch:27-6
8129,	9,	0,	ch:27-5
8136,	7,	0,	ch:27-4
8165,	29,	0,	ch:27-3
8208,	43,	0,	ch:27-2
8232,	24,	0,	ch:27-1
8248,	16,	0,	ch:27-0
8278,	30,	1,	ch:27-T
8326,	48,	0,	ch:28-S
8351,	25,	0,	ch:28-7
8359,	8,	0,	ch:28-6
8367,	8,	0,	ch:28-5
8386,	19,	0,	ch:28-4
8415,	29,	0,	ch:28-3
8444,	29,	0,	ch:28-2
8459,	15,	0,	ch:28-1
8487,	28,	0,	ch:28-0
8525,	38,	1,	ch:28-T
8582,	57,	0,	ch:29-S
8611,	29,	0,	ch:29-7
8627,	16,	0,	ch:29-6
8648,	21,	0,	ch:29-5
8671,	23,	0,	ch:29-4
8680,	9,	0,	ch:29-3
8708,	28,	0,	ch:29-2
8732,	24,	0,	ch:29-1
8742,	10,	0,	ch:29-0
8762,	20,	1,	ch:29-T
8789,	27,	0,	ch:30-S
8813,	24,	0,	ch:30-7
8854,	41,	0,	ch:30-6
8861,	7,	0,	ch:30-5
8884,	23,	0,	ch:30-4
8913,	29,	0,	ch:30-3
8942,	29,	0,	ch:30-2
8957,	15,	0,	ch:30-1
8978,	21,	0,	ch:30-0
9001,	23,	1,	ch:30-T
9033,	32,	0,	ch:31-S
9057,	24,	0,	ch:31-7
9067,	10,	0,	ch:31-6
9079,	12,	0,	ch:31-5
9107,	28,	0,	ch:31-4
9136,	29,	0,	ch:31-3
9157,	21,	0,	ch:31-2
9168,	11,	0,	ch:31-1
9192,	24,	0,	ch:31-0
9216,	24,	1,	ch:31-T
9239,	23,	0,	ch:32-S
9250,	11,	0,	ch:32-7
9265,	15,	0,	ch:32-6
9299,	34,	0,	ch:32-5
9309,	10,	0,	ch:32-4
9327,	18,	0,	ch:32-3
9354,	27,	0,	ch:32-2
9377,	23,	0,	ch:32-1
9406,	29,	0,	ch:32-0
9435,	29,	1,	ch:32-T
9451,	16,	0,	ch:33-S
9474,	23,	0,	ch:33-7
9497,	23,	0,	ch:33-6
9506,	9,	0,	ch:33-5
9532,	26,	0,	ch:33-4
9560,	28,	0,	ch:33-3
9589,	29,	0,	ch:33-2
9604,	15,	0,	ch:33-1
9642,	38,	0,	ch:33-0
9673,	31,	1,	ch:33-T
9707,	34,	0,	ch:34-S
9735,	28,	0,	ch:34-7
9753,	18,	0,	ch:34-6
9775,	22,	0,	ch:34-5
9793,	18,	0,	ch:34-4
9819,	26,	0,	ch:34-3
9842,	23,	0,	ch:34-2
9871,	29,	0,	ch:34-1
9878,	7,	0,	ch:34-0
9905,	27,	1,	ch:34-T
9930,	25,	0,	ch:35-S
9953,	23,	0,	ch:35-7
9964,	11,	0,	ch:35-6
9995,	31,	0,	ch:35-5
10009,	14,	0,	ch:35-4
10035,	26,	0,	ch:35-3
10066,	31,	0,	ch:35-2
10109,	43,	0,	ch:35-1
10132,	23,	0,	ch:35-0
10148,	16,	1,	ch:35-T
10166,	18,	0,	ch:36-S
10196,	30,	0,	ch:36-7
10220,	24,	0,	ch:36-6
10227,	7,	0,	ch:36-5
10250,	23,	0,	ch:36-4
10280,	30,	0,	ch:36-3
10309,	29,	0,	ch:36-2
10336,	27,	0,	ch:36-1
10347,	11,	0,	ch:36-0
10373,	26,	1,	ch:36-T
10421,	48,	0,	ch:37-S
10445,	24,	0,	ch:37-7
10452,	7,	0,	ch:37-6
10497,	45,	0,	ch:37-5
10521,	24,	0,	ch:37-4
10537,	16,	0,	ch:37-3
10555,	18,	0,	ch:37-2
10567,	12,	0,	ch:37-1
10584,	17,	0,	ch:37-0
10628,	44,	1,	ch:37-T
10663,	35,	0,	ch:38-S
10695,	32,	0,	ch:38-7
10713,	18,	0,	ch:38-6
10740,	27,	0,	ch:38-5
10764,	24,	0,	ch:38-4
10771,	7,	0,	ch:38-3
10805,	34,	0,	ch:38-2
10824,	19,	0,	ch:38-1
10836,	12,	0,	ch:38-0
10866,	30,	1,	ch:38-T
10891,	25,	0,	ch:39-S
10902,	11,	0,	ch:39-7
10914,	12,	0,	ch:39-6
10936,	22,	0,	ch:39-5
10951,	15,	0,	ch:39-4
10965,	14,	0,	ch:39-3
10979,	14,	0,	ch:39-2
11000,	21,	0,	ch:39-1
11019,	19,	0,	ch:39-0
11043,	24,	1,	ch:39-T
11071,	28,	0,	ch:40-S
11099,	28,	0,	ch:40-7
11127,	28,	0,	ch:40-6
11153,	26,	0,	ch:40-5
11181,	28,	0,	ch:40-4
11211,	30,	0,	ch:40-3
11234,	23,	0,	ch:40-2
11242,	8,	0,	ch:40-1
11268,	26,	0,	ch:40-0
11288,	20,	1,	ch:40-T
11315,	27,	0,	ch:41-S
11343,	28,	0,	ch:41-7
11359,	16,	0,	ch:41-6
11389,	30,	0,	ch:41-5
11419,	30,	0,	ch:41-4
11440,	21,	0,	ch:41-3
11450,	10,	0,	ch:41-2
11473,	23,	0,	ch:41-1
11501,	28,	0,	ch:41-0
11533,	32,	1,	ch:41-T
11581,	48,	0,	ch:42-S
11605,	24,	0,	ch:42-7
11612,	7,	0,	ch:42-6
11656,	44,	0,	ch:42-5
11680,	24,	0,	ch:42-4
11685,	5,	0,	ch:42-3
11698,	13,	0,	ch:42-2
11727,	29,	0,	ch:42-1
11743,	16,	0,	ch:42-0
11761,	18,	1,	ch:42-T
11778,	17,	0,	ch:43-S
11808,	30,	0,	ch:43-7
11832,	24,	0,	ch:43-6
11842,	10,	0,	ch:43-5
11886,	44,	0,	ch:43-4
11911,	25,	0,	ch:43-3
11918,	7,	0,	ch:43-2
11943,	25,	0,	ch:43-1
11954,	11,	0,	ch:43-0
11988,	34,	1,	ch:43-T
12047,	59,	0,	ch:44-S
12073,	26,	0,	ch:44-7
12085,	12,	0,	ch:44-6
12101,	16,	0,	ch:44-5
12108,	7,	0,	ch:44-4
12121,	13,	0,	ch:44-3
12139,	18,	0,	ch:44-2
12169,	30,	0,	ch:44-1
12183,	14,	0,	ch:44-0
12215,	32,	1,	ch:44-T
12259,	44,	0,	ch:45-S
12309,	50,	0,	ch:45-7
12337,	28,	0,	ch:45-6
12354,	17,	0,	ch:45-5
12380,	26,	0,	ch:45-4
12424,	44,	0,	ch:45-3
12477,	53,	0,	ch:45-2
12501,	24,	0,	ch:45-1
12527,	26,	0,	ch:45-0
12553,	26,	1,	ch:45-T
12601,	48,	0,	ch:46-S
12632,	31,	0,	ch:46-7
12650,	18,	0,	ch:46-6
12679,	29,	0,	ch:46-5
12720,	41,	0,	ch:46-4
12751,	31,	0,	ch:46-3
12779,	28,	0,	ch:46-2
12787,	8,	0,	ch:46-1
12818,	31,	0,	ch:46-0
12848,	30,	1,	ch:46-T
12863,	15,	0,	ch:47-S
12884,	21,	0,	ch:47-7
12908,	24,	0,	ch:47-6
12915,	7,	0,	ch:47-5
12937,	22,	0,	ch:47-4
12968,	31,	0,	ch:47-3
12997,	29,	0,	ch:47-2
13026,	29,	0,	ch:47-1
13048,	22,	0,	ch:47-0
13112,	64,	1,	ch:47-T
13286,	174,	0,	ch:48-S
13315,	29,	0,	ch:48-7
13323,	8,	0,	ch:48-6
13365,	42,	0,	ch:48-5
13374,	9,	0,	ch:48-4
13405,	31,	0,	ch:48-3
13436,	31,	0,	ch:48-2
13467,	31,	0,	ch:48-1
13487,	20,	0,	ch:48-0
13515,	28,	1,	ch:48-T
13564,	49,	0,	ch:49-S
13593,	29,	0,	ch:49-7
13609,	16,	0,	ch:49-6
13617,	8,	0,	ch:49-5
13628,	11,	0,	ch:49-4
13634,	6,	0,	ch:49-3
13644,	10,	0,	ch:49-2
13651,	7,	0,	ch:49-1
13664,	13,	0,	ch:49-0
13676,	12,	1,	ch:49-T
13693,	17,	0,	ch:50-S
13702,	9,	0,	ch:50-7
13716,	14,	0,	ch:50-6
13728,	12,	0,	ch:50-5
13738,	10,	0,	ch:50-4
13764,	26,	0,	ch:50-3
13793,	29,	0,	ch:50-2
13808,	15,	0,	ch:50-1
13825,	17,	0,	ch:50-0
13830,	5,	1,	ch:50-T
13849,	19,	0,	ch:51-S
13939,	90,	0,	ch:51-7
13975,	36,	0,	ch:51-6
14022,	47,	0,	ch:51-5
14058,	36,	0,	ch:51-4
14080,	22,	0,	ch:51-3
14115,	35,	0,	ch:51-2
14147,	32,	0,	ch:51-1
14178,	31,	0,	ch:51-0
14197,	19,	1,	ch:51-T
14216,	19,	0,	ch:52-S
14251,	35,	0,	ch:52-7
14287,	36,	0,	ch:52-6
14319,	32,	0,	ch:52-5
14354,	35,	0,	ch:52-4
14377,	23,	0,	ch:52-3
14409,	32,	0,	ch:52-2
14449,	40,	0,	ch:52-1
14485,	36,	0,	ch:52-0
14504,	19,	1,	ch:52-T
14530,	26,	0,	ch:53-S
14536,	6,	0,	ch:53-7
14568,	32,	0,	ch:53-6
14602,	34,	0,	ch:53-5
14635,	33,	0,	ch:53-4
14674,	39,	0,	ch:53-3
14697,	23,	0,	ch:53-2
14731,	34,	0,	ch:53-1
14741,	10,	0,	ch:53-0
14776,	35,	1,	ch:53-T
14799,	23,	0,	ch:54-S
14818,	19,	0,	ch:54-7
14854,	36,	0,	ch:54-6
14891,	37,	0,	ch:54-5
14919,	28,	0,	ch:54-4
14932,	13,	0,	ch:54-3
14971,	39,	0,	ch:54-2
15005,	34,	0,	ch:54-1
15027,	22,	0,	ch:54-0
15056,	29,	1,	ch:54-T
15091,	35,	0,	ch:55-S
15124,	33,	0,	ch:55-7
15135,	11,	0,	ch:55-6
15167,	32,	0,	ch:55-5
15175,	8,	0,	ch:55-4
15214,	39,	0,	ch:55-3
15249,	35,	0,	ch:55-2
15260,	11,	0,	ch:55-1
15299,	39,	0,	ch:55-0
15334,	35,	1,	ch:55-T
15395,	61,	0,	ch:56-S
15428,	33,	0,	ch:56-7
15440,	12,	0,	ch:56-6
15461,	21,	0,	ch:56-5
15483,	22,	0,	ch:56-4
15492,	9,	0,	ch:56-3
15503,	11,	0,	ch:56-2
15520,	17,	0,	ch:56-1
15534,	14,	0,	ch:56-0
15560,	26,	1,	ch:56-T
15585,	25,	0,	ch:57-S
15609,	24,	0,	ch:57-7
15629,	20,	0,	ch:57-6
15645,	16,	0,	ch:57-5
15675,	30,	0,	ch:57-4
15696,	21,	0,	ch:57-3
15715,	19,	0,	ch:57-2
15732,	17,	0,	ch:57-1
15748,	16,	0,	ch:57-0
15766,	18,	1,	ch:57-T
15782,	16,	0,	ch:58-S
15804,	22,	0,	ch:58-7
15820,	16,	0,	ch:58-6
15843,	23,	0,	ch:58-5
15859,	16,	0,	ch:58-4
15880,	21,	0,	ch:58-3
15895,	15,	0,	ch:58-2
15914,	19,	0,	ch:58-1
15929,	15,	0,	ch:58-0
15946,	17,	1,	ch:58-T
15960,	14,	0,	ch:59-S
15983,	23,	0,	ch:59-7
15998,	15,	0,	ch:59-6
16015,	17,	0,	ch:59-5
16030,	15,	0,	ch:59-4
16048,	18,	0,	ch:59-3
16063,	15,	0,	ch:59-2
16080,	17,	0,	ch:59-1
16096,	16,	0,	ch:59-0
16117,	21,	1,	ch:59-T
16134,	17,	0,	ch:60-S
16158,	24,	0,	ch:60-7
16174,	16,	0,	ch:60-6
16192,	18,	0,	ch:60-5
16208,	16,	0,	ch:60-4
16227,	19,	0,	ch:60-3
16243,	16,	0,	ch:60-2
16264,	21,	0,	ch:60-1
16279,	15,	0,	ch:60-0
16298,	19,	1,	ch:60-T
16312,	14,	0,	ch:61-S
16335,	23,	0,	ch:61-7
16350,	15,	0,	ch:61-6
16368,	18,	0,	ch:61-5
16383,	15,	0,	ch:61-4
16400,	17,	0,	ch:61-3
16415,	15,	0,	ch:61-2
16433,	18,	0,	ch:61-1
16448,	15,	0,	ch:61-0
16469,	21,	1,	ch:61-T
16485,	16,	0,	ch:62-S
16507,	22,	0,	ch:62-7
16523,	16,	0,	ch:62-6
16544,	21,	0,	ch:62-5
16559,	15,	0,	ch:62-4
16576,	17,	0,	ch:62-3
16591,	15,	0,	ch:62-2
16609,	18,	0,	ch:62-1
16626,	17,	0,	ch:62-0
16645,	19,	1,	ch:62-T
16660,	15,	0,	ch:63-S
16686,	26,	0,	ch:63-7
16702,	16,	0,	ch:63-6
16719,	17,	0,	ch:63-5
16735,	16,	0,	ch:63-4
16753,	18,	0,	ch:63-3
16769,	16,	0,	ch:63-2
16790,	21,	0,	ch:63-1
16807,	17,	0,	ch:63-0
16828,	21,	1,	ch:63-T
16846,	18,	0,	ch:64-S
16853,	7,	0,	ch:64-7
16871,	18,	0,	ch:64-6
16888,	17,	0,	ch:64-5
16911,	23,	0,	ch:64-4
16926,	15,	0,	ch:64-3
16947,	21,	0,	ch:64-2
16964,	17,	0,	ch:64-1
16986,	22,	0,	ch:64-0
17002,	16,	1,	ch:64-T
17021,	19,	0,	ch:65-S
17037,	16,	0,	ch:65-7
17060,	23,	0,	ch:65-6
17078,	18,	0,	ch:65-5
17096,	18,	0,	ch:65-4
17111,	15,	0,	ch:65-3
17129,	18,	0,	ch:65-2
17144,	15,	0,	ch:65-1
17162,	18,	0,	ch:65-0
17177,	15,	1,	ch:65-T
17194,	17,	0,	ch:66-S
17209,	15,	0,	ch:66-7
17225,	16,	0,	ch:66-6
17240,	15,	0,	ch:66-5
17261,	21,	0,	ch:66-4
17278,	17,	0,	ch:66-3
17299,	21,	0,	ch:66-2
17314,	15,	0,	ch:66-1
17331,	17,	0,	ch:66-0
17346,	15,	1,	ch:66-T
17363,	17,	0,	ch:67-S
17380,	17,	0,	ch:67-7
17398,	18,	0,	ch:67-6
17414,	16,	0,	ch:67-5
17435,	21,	0,	ch:67-4
17450,	15,	0,	ch:67-3
17471,	21,	0,	ch:67-2
17486,	15,	0,	ch:67-1
17504,	18,	0,	ch:67-0
17519,	15,	1,	ch:67-T
17538,	19,	0,	ch:68-S
17552,	14,	0,	ch:68-7
17569,	17,	0,	ch:68-6
17585,	16,	0,	ch:68-5
17602,	17,	0,	ch:68-4
17618,	16,	0,	ch:68-3
17639,	21,	0,	ch:68-2
17654,	15,	0,	ch:68-1
17672,	18,	0,	ch:68-0
17688,	16,	1,	ch:68-T
17707,	19,	0,	ch:69-S
17723,	16,	0,	ch:69-7
17745,	22,	0,	ch:69-6
17761,	16,	0,	ch:69-5
17782,	21,	0,	ch:69-4
17798,	16,	0,	ch:69-3
17820,	22,	0,	ch:69-2
17835,	15,	0,	ch:69-1
17857,	22,	0,	ch:69-0
17881,	24,	1,	ch:69-T
17907,	26,	0,	ch:70-S
17932,	25,	0,	ch:70-7
17944,	12,	0,	ch:70-6
17969,	25,	0,	ch:70-5
17983,	14,	0,	ch:70-4
17995,	12,	0,	ch:70-3
18022,	27,	0,	ch:70-2
18068,	46,	0,	ch:70-1
18093,	25,	0,	ch:70-0
18103,	10,	1,	ch:70-T
18136,	33,	0,	ch:71-S
18180,	44,	0,	ch:71-7
18205,	25,	0,	ch:71-6
18218,	13,	0,	ch:71-5
18243,	25,	0,	ch:71-4
18258,	15,	0,	ch:71-3
18270,	12,	0,	ch:71-2
18284,	14,	0,	ch:71-1
18309,	25,	0,	ch:71-0
18345,	36,	1,	ch:71-T
18397,	52,	0,	ch:72-S
18423,	26,	0,	ch:72-7
18435,	12,	0,	ch:72-6
18465,	30,	0,	ch:72-5
18489,	24,	0,	ch:72-4
18494,	5,	0,	ch:72-3
18540,	46,	0,	ch:72-2
18563,	23,	0,	ch:72-1
18568,	5,	0,	ch:72-0
18613,	45,	1,	ch:72-T
18635,	22,	0,	ch:73-S
18669,	34,	0,	ch:73-7
18699,	30,	0,	ch:73-6
18717,	18,	0,	ch:73-5
18747,	30,	0,	ch:73-4
18780,	33,	0,	ch:73-3
18830,	50,	0,	ch:73-2
18861,	31,	0,	ch:73-1
18878,	17,	0,	ch:73-0
18908,	30,	1,	ch:73-T
18945,	37,	0,	ch:74-S
18995,	50,	0,	ch:74-7
19025,	30,	0,	ch:74-6
19042,	17,	0,	ch:74-5
19072,	30,	0,	ch:74-4
19105,	33,	0,	ch:74-3
19154,	49,	0,	ch:74-2
19184,	30,	0,	ch:74-1
19202,	18,	0,	ch:74-0
19237,	35,	1,	ch:74-T
19262,	25,	0,	ch:75-S
19272,	10,	0,	ch:75-7
19304,	32,	0,	ch:75-6
19325,	21,	0,	ch:75-5
19358,	33,	0,	ch:75-4
19387,	29,	0,	ch:75-3
19410,	23,	0,	ch:75-2
19437,	27,	0,	ch:75-1
19461,	24,	0,	ch:75-0
19466,	5,	1,	ch:75-T
19516,	50,	0,	ch:76-S
19538,	22,	0,	ch:76-7
19544,	6,	0,	ch:76-6
19590,	46,	0,	ch:76-5
19620,	30,	0,	ch:76-4
19639,	19,	0,	ch:76-3
19669,	30,	0,	ch:76-2
19703,	34,	0,	ch:76-1
19746,	43,	0,	ch:76-0
19771,	25,	1,	ch:76-T
19830,	59,	0,	ch:77-S
19861,	31,	0,	ch:77-7
19879,	18,	0,	ch:77-6
19907,	28,	0,	ch:77-5
19942,	35,	0,	ch:77-4
19993,	51,	0,	ch:77-3
20023,	30,	0,	ch:77-2
20040,	17,	0,	ch:77-1
20068,	28,	0,	ch:77-0
20100,	32,	1,	ch:77-T
20148,	48,	0,	ch:78-S
20171,	23,	0,	ch:78-7
20176,	5,	0,	ch:78-6
20223,	47,	0,	ch:78-5
20254,	31,	0,	ch:78-4
20270,	16,	0,	ch:78-3
20291,	21,	0,	ch:78-2
20317,	26,	0,	ch:78-1
20343,	26,	0,	ch:78-0
20373,	30,	1,	ch:78-T
20390,	17,	0,	ch:79-S
20418,	28,	0,	ch:79-7
20450,	32,	0,	ch:79-6
20510,	60,	0,	ch:79-5
20534,	24,	0,	ch:79-4
20540,	6,	0,	ch:79-3
20585,	45,	0,	ch:79-2
20609,	24,	0,	ch:79-1
20636,	27,	0,	ch:79-0
20644,	8,	1,	ch:79-T
20680,	36,	0,	ch:80-S
20709,	29,	0,	ch:80-7
20760,	51,	0,	ch:80-6
20790,	30,	0,	ch:80-5
20807,	17,	0,	ch:80-4
20854,	47,	0,	ch:80-3
20881,	27,	0,	ch:80-2
20907,	26,	0,	ch:80-1
20916,	9,	0,	ch:80-0
20941,	25,	1,	ch:80-T
20997,	56,	0,	ch:81-S
21027,	30,	0,	ch:81-7
21047,	20,	0,	ch:81-6
21075,	28,	0,	ch:81-5
21115,	40,	0,	ch:81-4
21159,	44,	0,	ch:81-3
21182,	23,	0,	ch:81-2
21187,	5,	0,	ch:81-1
21232,	45,	0,	ch:81-0
21255,	23,	1,	ch:81-T
21307,	52,	0,	ch:82-S
21338,	31,	0,	ch:82-7
21355,	17,	0,	ch:82-6
21382,	27,	0,	ch:82-5
21422,	40,	0,	ch:82-4
21466,	44,	0,	ch:82-3
21491,	25,	0,	ch:82-2
21503,	12,	0,	ch:82-1
21529,	26,	0,	ch:82-0
21558,	29,	1,	ch:82-T
21593,	35,	0,	ch:83-S
21639,	46,	0,	ch:83-7
21664,	25,	0,	ch:83-6
21670,	6,	0,	ch:83-5
21715,	45,	0,	ch:83-4
21738,	23,	0,	ch:83-3
21743,	5,	0,	ch:83-2
21788,	45,	0,	ch:83-1
21812,	24,	0,	ch:83-0
21817,	5,	1,	ch:83-T
21865,	48,	0,	ch:84-S
21888,	23,	0,	ch:84-7
21894,	6,	0,	ch:84-6
21941,	47,	0,	ch:84-5
21972,	31,	0,	ch:84-4
21987,	15,	0,	ch:84-3
22014,	27,	0,	ch:84-2
22039,	25,	0,	ch:84-1
22046,	7,	0,	ch:84-0
22071,	25,	1,	ch:84-T
22107,	36,	0,	ch:85-S
22116,	9,	0,	ch:85-7
22168,	52,	0,	ch:85-6
22198,	30,	0,	ch:85-5
22216,	18,	0,	ch:85-4
22249,	33,	0,	ch:85-3
22279,	30,	0,	ch:85-2
22297,	18,	0,	ch:85-1
22324,	27,	0,	ch:85-0
22357,	33,	1,	ch:85-T
22404,	47,	0,	ch:86-S
22426,	22,	0,	ch:86-7
22431,	5,	0,	ch:86-6
22476,	45,	0,	ch:86-5
22508,	32,	0,	ch:86-4
22525,	17,	0,	ch:86-3
22555,	30,	0,	ch:86-2
22587,	32,	0,	ch:86-1
22637,	50,	0,	ch:86-0
22675,	38,	1,	ch:86-T
22684,	9,	0,	ch:87-S
22708,	24,	0,	ch:87-7
22735,	27,	0,	ch:87-6
22765,	30,	0,	ch:87-5
22791,	26,	0,	ch:87-4
22801,	10,	0,	ch:87-3
22835,	34,	0,	ch:87-2
22866,	31,	0,	ch:87-1
22886,	20,	0,	ch:87-0
22894,	8,	1,	ch:87-T
22926,	32,	0,	ch:88-S
22934,	8,	0,	ch:88-7
22956,	22,	0,	ch:88-6
22965,	9,	0,	ch:88-5
23015,	50,	0,	ch:88-4
23062,	47,	0,	ch:88-3
23087,	25,	0,	ch:88-2
23098,	11,	0,	ch:88-1
23129,	31,	0,	ch:88-0
23153,	24,	1,	ch:88-T
23205,	52,	0,	ch:89-S
23235,	30,	0,	ch:89-7
23253,	18,	0,	ch:89-6
23280,	27,	0,	ch:89-5
23311,	31,	0,	ch:89-4
23362,	51,	0,	ch:89-3
23393,	31,	0,	ch:89-2
23411,	18,	0,	ch:89-1
23447,	36,	0,	ch:89-0
23475,	28,	1,	ch:89-T
23529,	54,	0,	ch:90-S
23565,	36,	0,	ch:90-7
23573,	8,	0,	ch:90-6
23602,	29,	0,	ch:90-5
23655,	53,	0,	ch:90-4
23688,	33,	0,	ch:90-3
23712,	24,	0,	ch:90-2
23727,	15,	0,	ch:90-1
23759,	32,	0,	ch:90-0
23811,	52,	1,	ch:90-T
23840,	29,	0,	ch:91-S
23866,	26,	0,	ch:91-7
23889,	23,	0,	ch:91-6
23894,	5,	0,	ch:91-5
23939,	45,	0,	ch:91-4
23971,	32,	0,	ch:91-3
23986,	15,	0,	ch:91-2
24013,	27,	0,	ch:91-1
24044,	31,	0,	ch:91-0
24090,	46,	1,	ch:91-T
24114,	24,	0,	ch:92-S
24148,	34,	0,	ch:92-7
24178,	30,	0,	ch:92-6
24196,	18,	0,	ch:92-5
24224,	28,	0,	ch:92-4
24253,	29,	0,	ch:92-3
24276,	23,	0,	ch:92-2
24302,	26,	0,	ch:92-1
24315,	13,	0,	ch:92-0
24345,	30,	1,	ch:92-T
24376,	31,	0,	ch:93-S
24383,	7,	0,	ch:93-7
24405,	22,	0,	ch:93-6
24428,	23,	0,	ch:93-5
24466,	38,	0,	ch:93-4
24519,	53,	0,	ch:93-3
24548,	29,	0,	ch:93-2
24568,	20,	0,	ch:93-1
24604,	36,	0,	ch:93-0
24631,	27,	1,	ch:93-T
24652,	21,	0,	ch:94-S
24675,	23,	0,	ch:94-7
24705,	30,	0,	ch:94-6
24717,	12,	0,	ch:94-5
24728,	11,	0,	ch:94-4
24738,	10,	0,	ch:94-3
24744,	6,	0,	ch:94-2
24770,	26,	0,	ch:94-1
24795,	25,	0,	ch:94-0
24818,	23,	1,	ch:94-T
24871,	53,	0,	ch:95-S
24901,	30,	0,	ch:95-7
24922,	21,	0,	ch:95-6
24957,	35,	0,	ch:95-5
24987,	30,	0,	ch:95-4
25007,	20,	0,	ch:95-3
25042,	35,	0,	ch:95-2
25069,	27,	0,	ch:95-1
25101,	32,	0,	ch:95-0
25111,	10,	1,	ch:95-T
25164,	53,	0,	ch:96-S
25188,	24,	0,	ch:96-7
25193,	5,	0,	ch:96-6
25238,	45,	0,	ch:96-5
25269,	31,	0,	ch:96-4
25285,	16,	0,	ch:96-3
25305,	20,	0,	ch:96-2
25332,	27,	0,	ch:96-1
25363,	31,	0,	ch:96-0
25391,	28,	1,	ch:96-T
25430,	39,	0,	ch:97-S
25455,	25,	0,	ch:97-7
25466,	11,	0,	ch:97-6
25495,	29,	0,	ch:97-5
25524,	29,	0,	ch:97-4
25542,	18,	0,	ch:97-3
25572,	30,	0,	ch:97-2
25597,	25,	0,	ch:97-1
25607,	10,	0,	ch:97-0
25615,	8,	1,	ch:97-T
25649,	34,	0,	ch:98-S
25667,	18,	0,	ch:98-7
25675,	8,	0,	ch:98-6
25686,	11,	0,	ch:98-5
25694,	8,	0,	ch:98-4
25704,	10,	0,	ch:98-3
25724,	20,	0,	ch:98-2
25773,	49,	0,	ch:98-1
25797,	24,	0,	ch:98-0
25802,	5,	1,	ch:98-T
25850,	48,	0,	ch:99-S
25874,	24,	0,	ch:99-7
25879,	5,	0,	ch:99-6
25926,	47,	0,	ch:99-5
25956,	30,	0,	ch:99-4
25982,	26,	0,	ch:99-3
26011,	29,	0,	ch:99-2
26031,	20,	0,	ch:99-1
26064,	33,	0,	ch:99-0
26094,	30,	1,	ch:99-T
26112,	18,	0,	ch:100-S
26142,	30,	0,	ch:100-7
26165,	23,	0,	ch:100-6
26170,	5,	0,	ch:100-5
26216,	46,	0,	ch:100-4
26249,	33,	0,	ch:100-3
26261,	12,	0,	ch:100-2
26284,	23,	0,	ch:100-1
26330,	46,	0,	ch:100-0
26357,	27,	1,	ch:100-T
26384,	27,	0,	ch:101-S
26412,	28,	0,	ch:101-7
26424,	12,	0,	ch:101-6
26459,	35,	0,	ch:101-5
26475,	16,	0,	ch:101-4
26512,	37,	0,	ch:101-3
26526,	14,	0,	ch:101-2
26557,	31,	0,	ch:101-1
26584,	27,	0,	ch:101-0
26604,	20,	1,	ch:101-T
26634,	30,	0,	ch:102-S
26664,	30,	0,	ch:102-7
26707,	43,	0,	ch:102-6
26737,	30,	0,	ch:102-5
26761,	24,	0,	ch:102-4
26769,	8,	0,	ch:102-3
26790,	21,	0,	ch:102-2
26800,	10,	0,	ch:102-1
26836,	36,	0,	ch:102-0
26848,	12,	1,	ch:102-T
26881,	33,	0,	ch:103-S
26890,	9,	0,	ch:103-7
26901,	11,	0,	ch:103-6
26928,	27,	0,	ch:103-5
26939,	11,	0,	ch:103-4
26974,	35,	0,	ch:103-3
27001,	27,	0,	ch:103-2
27013,	12,	0,	ch:103-1
27029,	16,	0,	ch:103-0
27039,	10,	1,	ch:103-T
27095,	56,	0,	ch:104-S
27102,	7,	0,	ch:104-7
27135,	33,	0,	ch:104-6
27163,	28,	0,	ch:104-5
27186,	23,	0,	ch:104-4
27197,	11,	0,	ch:104-3
27223,	26,	0,	ch:104-2
27233,	10,	0,	ch:104-1
27256,	23,	0,	ch:104-0
27280,	24,	1,	ch:104-T
27303,	23,	0,	ch:105-S
27318,	15,	0,	ch:105-7
27353,	35,	0,	ch:105-6
27372,	19,	0,	ch:105-5
27407,	35,	0,	ch:105-4
27437,	30,	0,	ch:105-3
27466,	29,	0,	ch:105-2
27474,	8,	0,	ch:105-1
27493,	19,	0,	ch:105-0
27506,	13,	1,	ch:105-T
27527,	21,	0,	ch:106-S
27545,	18,	0,	ch:106-7
27554,	9,	0,	ch:106-6
27559,	5,	0,	ch:106-5
27589,	30,	0,	ch:106-4
27617,	28,	0,	ch:106-3
27645,	28,	0,	ch:106-2
27671,	26,	0,	ch:106-1
27701,	30,	0,	ch:106-0
27723,	22,	1,	ch:106-T
27778,	55,	0,	ch:107-S
27803,	25,	0,	ch:107-7
27811,	8,	0,	ch:107-6
27842,	31,	0,	ch:107-5
27875,	33,	0,	ch:107-4
27889,	14,	0,	ch:107-3
27904,	15,	0,	ch:107-2
27911,	7,	0,	ch:107-1
27922,	11,	0,	ch:107-0
27941,	19,	1,	ch:107-T
27975,	34,	0,	ch:108-S
28005,	30,	0,	ch:108-7
28011,	6,	0,	ch:108-6
28059,	48,	0,	ch:108-5
28090,	31,	0,	ch:108-4
28105,	15,	0,	ch:108-3
28132,	27,	0,	ch:108-2
28157,	25,	0,	ch:108-1
28164,	7,	0,	ch:108-0
28189,	25,	1,	ch:108-T
28217,	28,	0,	ch:109-S
28241,	24,	0,	ch:109-7
28246,	5,	0,	ch:109-6
28271,	25,	0,	ch:109-5
28295,	24,	0,	ch:109-4
28321,	26,	0,	ch:109-3
28328,	7,	0,	ch:109-2
28347,	19,	0,	ch:109-1
28374,	27,	0,	ch:109-0
28408,	34,	1,	ch:109-T
28460,	52,	0,	ch:110-S
28485,	25,	0,	ch:110-7
28495,	10,	0,	ch:110-6
28503,	8,	0,	ch:110-5
28510,	7,	0,	ch:110-4
28554,	44,	0,	ch:110-3
28577,	23,	0,	ch:110-2
28588,	11,	0,	ch:110-1
28605,	17,	0,	ch:110-0
28620,	15,	1,	ch:110-T
28639,	19,	0,	ch:111-S
28661,	22,	0,	ch:111-7
28671,	10,	0,	ch:111-6
28682,	11,	0,	ch:111-5
28698,	16,	0,	ch:111-4
28730,	32,	0,	ch:111-3
28792,	62,	0,	ch:111-2
28850,	58,	0,	ch:111-1
28898,	48,	0,	ch:111-0
28946,	48,	1,	ch:111-T
28998,	52,	0,	ch:112-S
29049,	51,	0,	ch:112-7
29108,	59,	0,	ch:112-6
29138,	30,	0,	ch:112-5
29158,	20,	0,	ch:112-4
29188,	30,	0,	ch:112-3
29228,	40,	0,	ch:112-2
29280,	52,	0,	ch:112-1
29310,	30,	0,	ch:112-0
29373,	63,	1,	ch:112-T
29396,	23,	0,	ch:113-S
29411,	15,	0,	ch:113-7
29468,	57,	0,	ch:113-6
29497,	29,	0,	ch:113-5
29526,	29,	0,	ch:113-4
29555,	29,	0,	ch:113-3
29567,	12,	0,	ch:113-2
29619,	52,	0,	ch:113-1
29643,	24,	0,	ch:113-0
29648,	5,	1,	ch:113-T
29698,	50,	0,	ch:114-S
29721,	23,	0,	ch:114-7
29727,	6,	0,	ch:114-6
29777,	50,	0,	ch:114-5
29796,	19,	0,	ch:114-4
29824,	28,	0,	ch:114-3
29850,	26,	0,	ch:114-2
29910,	60,	0,	ch:114-1
29934,	24,	0,	ch:114-0
29961,	27,	1,	ch:114-T
29987,	26,	0,	ch:115-S
29993,	6,	0,	ch:115-7
30041,	48,	0,	ch:115-6
30066,	25,	0,	ch:115-5
30072,	6,	0,	ch:115-4
30117,	45,	0,	ch:115-3
30140,	23,	0,	ch:115-2
30152,	12,	0,	ch:115-1
30175,	23,	0,	ch:115-0
30225,	50,	1,	ch:115-T
30251,	26,	0,	ch:116-S
30274,	23,	0,	ch:116-7
30295,	21,	0,	ch:116-6
30300,	5,	0,	ch:116-5
30340,	40,	0,	ch:116-4
30362,	22,	0,	ch:116-3
30387,	25,	0,	ch:116-2
30410,	23,	0,	ch:116-1
30434,	24,	0,	ch:116-0
30461,	27,	1,	ch:116-T
30510,	49,	0,	ch:117-S
30533,	23,	0,	ch:117-7
30557,	24,	0,	ch:117-6
30579,	22,	0,	ch:117-5
30604,	25,	0,	ch:117-4
30615,	11,	0,	ch:117-3
30671,	56,	0,	ch:117-2
30692,	21,	0,	ch:117-1
30697,	5,	0,	ch:117-0
30705,	8,	1,	ch:117-T
30741,	36,	0,	ch:118-S
30789,	48,	0,	ch:118-7
30816,	27,	0,	ch:118-6
30873,	57,	0,	ch:118-5
30894,	21,	0,	ch:118-4
30899,	5,	0,	ch:118-3
30940,	41,	0,	ch:118-2
30961,	21,	0,	ch:118-1
30987,	26,	0,	ch:118-0
31010,	23,	1,	ch:118-T
31059,	49,	0,	ch:119-S
31080,	21,	0,	ch:119-7
31085,	5,	0,	ch:119-6
31127,	42,	0,	ch:119-5
31148,	21,	0,	ch:119-4
31174,	26,	0,	ch:119-3
31204,	30,	0,	ch:119-2
31212,	8,	0,	ch:119-1
31265,	53,	0,	ch:119-0
31305,	40,	1,	ch:119-T
31350,	45,	0,	ch:120-S
31389,	39,	0,	ch:120-7
31429,	40,	0,	ch:120-6
31437,	8,	0,	ch:120-5
31480,	43,	0,	ch:120-4
31520,	40,	0,	ch:120-3
31560,	40,	0,	ch:120-2
31601,	41,	0,	ch:120-1
31641,	40,	0,	ch:120-0
31682,	41,	1,	ch:120-T
31728,	46,	0,	ch:121-S
31767,	39,	0,	ch:121-7
31807,	40,	0,	ch:121-6
31847,	40,	0,	ch:121-5
31896,	49,	0,	ch:121-4
31918,	22,	0,	ch:121-3
31968,	50,	0,	ch:121-2
31996,	28,	0,	ch:121-1
32012,	16,	0,	ch:121-0
32033,	21,	1,	ch:121-T
32083,	50,	0,	ch:122-S
32106,	23,	0,	ch:122-7
32129,	23,	0,	ch:122-6
32139,	10,	0,	ch:122-5
32163,	24,	0,	ch:122-4
32192,	29,	0,	ch:122-3
32218,	26,	0,	ch:122-2
32243,	25,	0,	ch:122-1
32271,	28,	0,	ch:122-0
32327,	56,	1,	ch:122-T
32347,	20,	0,	ch:123-S
32371,	24,	0,	ch:123-7
32392,	21,	0,	ch:123-6
32398,	6,	0,	ch:123-5
32439,	41,	0,	ch:123-4
32460,	21,	0,	ch:123-3
32486,	26,	0,	ch:123-2
32509,	23,	0,	ch:123-1
32519,	10,	0,	ch:123-0
32546,	27,	1,	ch:123-T
32582,	36,	0,	ch:124-S
32606,	24,	0,	ch:124-7
32631,	25,	0,	ch:124-6
32638,	7,	0,	ch:124-5
32653,	15,	0,	ch:124-4
32694,	41,	0,	ch:124-3
32714,	20,	0,	ch:124-2
32720,	6,	0,	ch:124-1
32761,	41,	0,	ch:124-0
32782,	21,	1,	ch:124-T
32828,	46,	0,	ch:125-S
32851,	23,	0,	ch:125-7
32876,	25,	0,	ch:125-6
32903,	27,	0,	ch:125-5
32947,	44,	0,	ch:125-4
32968,	21,	0,	ch:125-3
32979,	11,	0,	ch:125-2
33007,	28,	0,	ch:125-1
33013,	6,	0,	ch:125-0
33046,	33,	1,	ch:125-T
33097,	51,	0,	ch:126-S
33155,	58,	0,	ch:126-7
33206,	51,	0,	ch:126-6
33232,	26,	0,	ch:126-5
33257,	25,	0,	ch:126-4
33270,	13,	0,	ch:126-3
33290,	20,	0,	ch:126-2
33304,	14,	0,	ch:126-1
33352,	48,	0,	ch:126-0
33376,	24,	1,	ch:126-T
33423,	47,	0,	ch:127-S
33447,	24,	0,	ch:127-7
33455,	8,	0,	ch:127-6
33462,	7,	0,	ch:127-5
33511,	49,	0,	ch:127-4
33534,	23,	0,	ch:127-3
33545,	11,	0,	ch:127-2
33574,	29,	0,	ch:127-1
33614,	40,	0,	ch:127-0
33634,	20,	1,	ch:127-T
33685,	51,	0,	ch:128-S
33712,	27,	0,	ch:128-7
33768,	56,	0,	ch:128-6
33790,	22,	0,	ch:128-5
33795,	5,	0,	ch:128-4
33836,	41,	0,	ch:128-3
33856,	20,	0,	ch:128-2
33863,	7,	0,	ch:128-1
33904,	41,	0,	ch:128-0
33937,	33,	1,	ch:128-T
33983,	46,	0,	ch:129-S
34004,	21,	0,	ch:129-7
34009,	5,	0,	ch:129-6
34052,	43,	0,	ch:129-5
34072,	20,	0,	ch:129-4
34080,	8,	0,	ch:129-3
34110,	30,	0,	ch:129-2
34154,	44,	0,	ch:129-1
34201,	47,	0,	ch:129-0
34229,	28,	1,	ch:129-T
34246,	17,	0,	ch:130-S
34271,	25,	0,	ch:130-7
34301,	30,	0,	ch:130-6
34343,	42,	0,	ch:130-5
34363,	20,	0,	ch:130-4
34390,	27,	0,	ch:130-3
34412,	22,	0,	ch:130-2
34427,	15,	0,	ch:130-1
34449,	22,	0,	ch:130-0
34471,	22,	1,	ch:130-T
34491,	20,	0,	ch:131-S
34516,	25,	0,	ch:131-7
34536,	20,	0,	ch:131-6
34563,	27,	0,	ch:131-5
34583,	20,	0,	ch:131-4
34596,	13,	0,	ch:131-3
34617,	21,	0,	ch:131-2
34629,	12,	0,	ch:131-1
34641,	12,	0,	ch:131-0
34651,	10,	1,	ch:131-T
34693,	42,	0,	ch:132-S
34732,	39,	0,	ch:132-7
34752,	20,	0,	ch:132-6
34760,	8,	0,	ch:132-5
34812,	52,	0,	ch:132-4
34842,	30,	0,	ch:132-3
34868,	26,	0,	ch:132-2
34894,	26,	0,	ch:132-1
34933,	39,	0,	ch:132-0
34952,	19,	1,	ch:132-T
35001,	49,	0,	ch:133-S
35028,	27,	0,	ch:133-7
35085,	57,	0,	ch:133-6
35106,	21,	0,	ch:133-5
35131,	25,	0,	ch:133-4
35141,	10,	0,	ch:133-3
35163,	22,	0,	ch:133-2
35203,	40,	0,	ch:133-1
35235,	32,	0,	ch:133-0
35259,	24,	1,	ch:133-T
35290,	31,	0,	ch:134-S
35340,	50,	0,	ch:134-7
35368,	28,	0,	ch:134-6
35428,	60,	0,	ch:134-5
35450,	22,	0,	ch:134-4
35455,	5,	0,	ch:134-3
35496,	41,	0,	ch:134-2
35520,	24,	0,	ch:134-1
35547,	27,	0,	ch:134-0
35572,	25,	1,	ch:134-T
35622,	50,	0,	ch:135-S
35653,	31,	0,	ch:135-7
35661,	8,	0,	ch:135-6
35690,	29,	0,	ch:135-5
35735,	45,	0,	ch:135-4
35775,	40,	0,	ch:135-3
35821,	46,	0,	ch:135-2
35861,	40,	0,	ch:135-1
35902,	41,	0,	ch:135-0
35944,	42,	1,	ch:135-T
35994,	50,	0,	ch:136-S
36038,	44,	0,	ch:136-7
36079,	41,	0,	ch:136-6
36119,	40,	0,	ch:136-5
36159,	40,	0,	ch:136-4
36199,	40,	0,	ch:136-3
36242,	43,	0,	ch:136-2
36288,	46,	0,	ch:136-1
36334,	46,	0,	ch:136-0
36374,	40,	1,	ch:136-T
36422,	48,	0,	ch:137-S
36464,	42,	0,	ch:137-7
36503,	39,	0,	ch:137-6
36546,	43,	0,	ch:137-5
36588,	42,	0,	ch:137-4
36634,	46,	0,	ch:137-3
36684,	50,	0,	ch:137-2
36735,	51,	0,	ch:137-1
36782,	47,	0,	ch:137-0
36822,	40,	1,	ch:137-T
36869,	47,	0,	ch:138-S
36908,	39,	0,	ch:138-7
36948,	40,	0,	ch:138-6
36956,	8,	0,	ch:138-5
37000,	44,	0,	ch:138-4
37048,	48,	0,	ch:138-3
37076,	28,	0,	ch:138-2
37084,	8,	0,	ch:138-1
37092,	8,	0,	ch:138-0
37122,	30,	1,	ch:138-T
37167,	45,	0,	ch:139-S
37175,	8,	0,	ch:139-7
37197,	22,	0,	ch:139-6
37219,	22,	0,	ch:139-5
37239,	20,	0,	ch:139-4
37245,	6,	0,	ch:139-3
37277,	32,	0,	ch:139-2
37320,	43,	0,	ch:139-1
37343,	23,	0,	ch:139-0
37354,	11,	1,	ch:139-T
37382,	28,	0,	ch:140-S
37403,	21,	0,	ch:140-7
37408,	5,	0,	ch:140-6
37452,	44,	0,	ch:140-5
37473,	21,	0,	ch:140-4
37478,	5,	0,	ch:140-3
37519,	41,	0,	ch:140-2
37542,	23,	0,	ch:140-1
37568,	26,	0,	ch:140-0
37594,	26,	1,	ch:140-T
37642,	48,	0,	ch:141-S
37662,	20,	0,	ch:141-7
37669,	7,	0,	ch:141-6
37716,	47,	0,	ch:141-5
37736,	20,	0,	ch:141-4
37748,	12,	0,	ch:141-3
37792,	44,	0,	ch:141-2
37810,	18,	0,	ch:141-1
37821,	11,	0,	ch:141-0
37867,	46,	1,	ch:141-T
37910,	43,	0,	ch:142-S
37929,	19,	0,	ch:142-7
37934,	5,	0,	ch:142-6
37974,	40,	0,	ch:142-5
37998,	24,	0,	ch:142-4
38003,	5,	0,	ch:142-3
38043,	40,	0,	ch:142-2
38062,	19,	0,	ch:142-1
38073,	11,	0,	ch:142-0
38088,	15,	1,	ch:142-T
38119,	31,	0,	ch:143-S
38138,	19,	0,	ch:143-7
38164,	26,	0,	ch:143-6
38202,	38,	0,	ch:143-5
38246,	44,	0,	ch:143-4
38252,	6,	0,	ch:143-3
38293,	41,	0,	ch:143-2
38331,	38,	0,	ch:143-1
38376,	45,	0,	ch:143-0
38384,	8,	1,	ch:143-T
38415,	31,	0,	ch:144-S
38453,	38,	0,	ch:144-7
38490,	37,	0,	ch:144-6
38527,	37,	0,	ch:144-5
38570,	43,	0,	ch:144-4
38609,	39,	0,	ch:144-3
38652,	43,	0,	ch:144-2
38690,	38,	0,	ch:144-1
38734,	44,	0,	ch:144-0
38778,	44,	1,	ch:144-T
38821,	43,	0,	ch:145-S
38859,	38,	0,	ch:145-7
38904,	45,	0,	ch:145-6
38956,	52,	0,	ch:145-5
38994,	38,	0,	ch:145-4
39002,	8,	0,	ch:145-3
39040,	38,	0,	ch:145-2
39078,	38,	0,	ch:145-1
39115,	37,	0,	ch:145-0
39152,	37,	1,	ch:145-T
39195,	43,	0,	ch:146-S
39233,	38,	0,	ch:146-7
39270,	37,	0,	ch:146-6
39307,	37,	0,	ch:146-5
39345,	38,	0,	ch:146-4
39382,	37,	0,	ch:146-3
39419,	37,	0,	ch:146-2
39427,	8,	0,	ch:146-1
39466,	39,	0,	ch:146-0
39503,	37,	1,	ch:146-T
39546,	43,	0,	ch:147-S
39584,	38,	0,	ch:147-7
39622,	38,	0,	ch:147-6
39667,	45,	0,	ch:147-5
39706,	39,	0,	ch:147-4
39714,	8,	0,	ch:147-3
39754,	40,	0,	ch:147-2
39799,	45,	0,	ch:147-1
39839,	40,	0,	ch:147-0
39884,	45,	1,	ch:147-T
39927,	43,	0,	ch:148-S
39966,	39,	0,	ch:148-7
40006,	40,	0,	ch:148-6
40043,	37,	0,	ch:148-5
40084,	41,	0,	ch:148-4
40121,	37,	0,	ch:148-3
40160,	39,	0,	ch:148-2
40198,	38,	0,	ch:148-1
40238,	40,	0,	ch:148-0
40276,	38,	1,	ch:148-T
40321,	45,	0,	ch:149-S
40362,	41,	0,	ch:149-7
40399,	37,	0,	ch:149-6
40439,	40,	0,	ch:149-5
40477,	38,	0,	ch:149-4
40518,	41,	0,	ch:149-3
40557,	39,	0,	ch:149-2
40599,	42,	0,	ch:149-1
40640,	41,	0,	ch:149-0
40679,	39,	1,	ch:149-T
40727,	48,	0,	ch:150-S
40766,	39,	0,	ch:150-7
40807,	41,	0,	ch:150-6
40844,	37,	0,	ch:150-5
40886,	42,	0,	ch:150-4
40930,	44,	0,	ch:150-3
40974,	44,	0,	ch:150-2
41013,	39,	0,	ch:150-1
41055,	42,	0,	ch:150-0
41093,	38,	1,	ch:150-T
41135,	42,	0,	ch:151-S
41180,	45,	0,	ch:151-7
41218,	38,	0,	ch:151-6
41256,	38,	0,	ch:151-5
41294,	38,	0,	ch:151-4
41301,	7,	0,	ch:151-3
41340,	39,	0,	ch:151-2
41378,	38,	0,	ch:151-1
41415,	37,	0,	ch:151-0
41423,	8,	1,	ch:151-T
41466,	43,	0,	ch:152-S
41503,	37,	0,	ch:152-7
41540,	37,	0,	ch:152-6
41548,	8,	0,	ch:152-5
41589,	41,	0,	ch:152-4
41627,	38,	0,	ch:152-3
41664,	37,	0,	ch:152-2
41702,	38,	0,	ch:152-1
41739,	37,	0,	ch:152-0
41780,	41,	1,	ch:152-T
41822,	42,	0,	ch:153-S
41859,	37,	0,	ch:153-7
41896,	37,	0,	ch:153-6
41934,	38,	0,	ch:153-5
41971,	37,	0,	ch:153-4
42012,	41,	0,	ch:153-3
42056,	44,	0,	ch:153-2
42101,	45,	0,	ch:153-1
42139,	38,	0,	ch:153-0
42184,	45,	1,	ch:153-T
42226,	42,	0,	ch:154-S
42265,	39,	0,	ch:154-7
42303,	38,	0,	ch:154-6
42347,	44,	0,	ch:154-5
42386,	39,	0,	ch:154-4
42425,	39,	0,	ch:154-3
42469,	44,	0,	ch:154-2
42507,	38,	0,	ch:154-1
42552,	45,	0,	ch:154-0
42590,	38,	1,	ch:154-T
42633,	43,	0,	ch:155-S
42677,	44,	0,	ch:155-7
42716,	39,	0,	ch:155-6
42740,	24,	0,	ch:155-5
42779,	39,	0,	ch:155-4
42826,	47,	0,	ch:155-3
42863,	37,	0,	ch:155-2
42904,	41,	0,	ch:155-1
42941,	37,	0,	ch:155-0
42978,	37,	1,	ch:155-T
43026,	48,	0,	ch:156-S
43066,	40,	0,	ch:156-7
43105,	39,	0,	ch:156-6
43143,	38,	0,	ch:156-5
43180,	37,	0,	ch:156-4
43218,	38,	0,	ch:156-3
43255,	37,	0,	ch:156-2
43293,	38,	0,	ch:156-1
43330,	37,	0,	ch:156-0
43367,	37,	1,	ch:156-T
43410,	43,	0,	ch:157-S
43447,	37,	0,	ch:157-7
43484,	37,	0,	ch:157-6
43522,	38,	0,	ch:157-5
43563,	41,	0,	ch:157-4
43602,	39,	0,	ch:157-3
43639,	37,	0,	ch:157-2
43676,	37,	0,	ch:157-1
43714,	38,	0,	ch:157-0
43738,	24,	1,	ch:157-T
43769,	31,	0,	ch:158-S
43807,	38,	0,	ch:158-7
43846,	39,	0,	ch:158-6
43884,	38,	0,	ch:158-5
43928,	44,	0,	ch:158-4
43967,	39,	0,	ch:158-3
44013,	46,	0,	ch:158-2
44053,	40,	0,	ch:158-1
44108,	55,	0,	ch:158-0
44144,	36,	1,	ch:158-T
44190,	46,	0,	ch:159-S
44227,	37,	0,	ch:159-7
44270,	43,	0,	ch:159-6
44307,	37,	0,	ch:159-5
44346,	39,	0,	ch:159-4
44383,	37,	0,	ch:159-3
44429,	46,	0,	ch:159-2
44455,	26,	0,	ch:159-1
44470,	15,	0,	ch:159-0
44501,	31,	1,	ch:159-T
44521,	20,	0,	ch:160-S
44531,	10,	0,	ch:160-7
44550,	19,	0,	ch:160-6
44576,	26,	0,	ch:160-5
44597,	21,	0,	ch:160-4
44621,	24,	0,	ch:160-3
44639,	18,	0,	ch:160-2
44651,	12,	0,	ch:160-1
44692,	41,	0,	ch:160-0
44731,	39,	1,	ch:160-T
44774,	43,	0,	ch:161-S
44818,	44,	0,	ch:161-7
44861,	43,	0,	ch:161-6
44898,	37,	0,	ch:161-5
44935,	37,	0,	ch:161-4
44972,	37,	0,	ch:161-3
45010,	38,	0,	ch:161-2
45047,	37,	0,	ch:161-1
45084,	37,	0,	ch:161-0
45122,	38,	1,	ch:161-T
45167,	45,	0,	ch:162-S
45205,	38,	0,	ch:162-7
45242,	37,	0,	ch:162-6
45279,	37,	0,	ch:162-5
45316,	37,	0,	ch:162-4
45354,	38,	0,	ch:162-3
45397,	43,	0,	ch:162-2
45445,	48,	0,	ch:162-1
45470,	25,	0,	ch:162-0
45490,	20,	1,	ch:162-T
45537,	47,	0,	ch:163-S
45556,	19,	0,	ch:163-7
45562,	6,	0,	ch:163-6
45603,	41,	0,	ch:163-5
45623,	20,	0,	ch:163-4
45647,	24,	0,	ch:163-3
45665,	18,	0,	ch:163-2
45692,	27,	0,	ch:163-1
45709,	17,	0,	ch:163-0
45732,	23,	1,	ch:163-T
45750,	18,	0,	ch:164-S
45773,	23,	0,	ch:164-7
45790,	17,	0,	ch:164-6
45815,	25,	0,	ch:164-5
45833,	18,	0,	ch:164-4
45843,	10,	0,	ch:164-3
45857,	14,	0,	ch:164-2
45880,	23,	0,	ch:164-1
45906,	26,	0,	ch:164-0
45942,	36,	1,	ch:164-T
45960,	18,	0,	ch:165-S
45987,	27,	0,	ch:165-7
46005,	18,	0,	ch:165-6
46029,	24,	0,	ch:165-5
46046,	17,	0,	ch:165-4
46071,	25,	0,	ch:165-3
46089,	18,	0,	ch:165-2
46112,	23,	0,	ch:165-1
46132,	20,	0,	ch:165-0
46137,	5,	1,	ch:165-T
46180,	43,	0,	ch:166-S
46201,	21,	0,	ch:166-7
46245,	44,	0,	ch:166-6
46264,	19,	0,	ch:166-5
46290,	26,	0,	ch:166-4
46309,	19,	0,	ch:166-3
46318,	9,	0,	ch:166-2
46336,	18,	0,	ch:166-1
46350,	14,	0,	ch:166-0
46388,	38,	1,	ch:166-T
46406,	18,	0,	ch:167-S
46429,	23,	0,	ch:167-7
46446,	17,	0,	ch:167-6
46471,	25,	0,	ch:167-5
46489,	18,	0,	ch:167-4
46499,	10,	0,	ch:167-3
46512,	13,	0,	ch:167-2
46530,	18,	0,	ch:167-1
46567,	37,	0,	ch:167-0
46583,	16,	1,	ch:167-T
46625,	42,	0,	ch:168-S
46642,	17,	0,	ch:168-7
46667,	25,	0,	ch:168-6
46685,	18,	0,	ch:168-5
46690,	5,	0,	ch:168-4
46729,	39,	0,	ch:168-3
46746,	17,	0,	ch:168-2
46772,	26,	0,	ch:168-1
46789,	17,	0,	ch:168-0
46813,	24,	1,	ch:168-T
46834,	21,	0,	ch:169-S
46844,	10,	0,	ch:169-7
46857,	13,	0,	ch:169-6
46879,	22,	0,	ch:169-5
46916,	37,	0,	ch:169-4
46933,	17,	0,	ch:169-3
46958,	25,	0,	ch:169-2
46975,	17,	0,	ch:169-1
46999,	24,	0,	ch:169-0
47016,	17,	1,	ch:169-T
47057,	41,	0,	ch:170-S
47075,	18,	0,	ch:170-7
47099,	24,	0,	ch:170-6
47117,	18,	0,	ch:170-5
47141,	24,	0,	ch:170-4
47158,	17,	0,	ch:170-3
47181,	23,	0,	ch:170-2
47199,	18,	0,	ch:170-1
47223,	24,	0,	ch:170-0
47241,	18,	1,	ch:170-T
47283,	42,	0,	ch:171-S
47302,	19,	0,	ch:171-7
47326,	24,	0,	ch:171-6
47345,	19,	0,	ch:171-5
47369,	24,	0,	ch:171-4
47387,	18,	0,	ch:171-3
47396,	9,	0,	ch:171-2
47412,	16,	0,	ch:171-1
47436,	24,	0,	ch:171-0
47458,	22,	1,	ch:171-T
47503,	45,	0,	ch:172-S
47521,	18,	0,	ch:172-7
47543,	22,	0,	ch:172-6
47559,	16,	0,	ch:172-5
47583,	24,	0,	ch:172-4
47601,	18,	0,	ch:172-3
47624,	23,	0,	ch:172-2
47642,	18,	0,	ch:172-1
47663,	21,	0,	ch:172-0
47679,	16,	1,	ch:172-T
47720,	41,	0,	ch:173-S
47737,	17,	0,	ch:173-7
47770,	33,	0,	ch:173-6
47786,	16,	0,	ch:173-5
47820,	34,	0,	ch:173-4
47838,	18,	0,	ch:173-3
47861,	23,	0,	ch:173-2
47879,	18,	0,	ch:173-1
47902,	23,	0,	ch:173-0
47920,	18,	1,	ch:173-T
47961,	41,	0,	ch:174-S
47979,	18,	0,	ch:174-7
47990,	11,	0,	ch:174-6
48032,	42,	0,	ch:174-5
48050,	18,	0,	ch:174-4
48071,	21,	0,	ch:174-3
48087,	16,	0,	ch:174-2
48111,	24,	0,	ch:174-1
48129,	18,	0,	ch:174-0
48153,	24,	1,	ch:174-T
48187,	34,	0,	ch:175-S
48224,	37,	0,	ch:175-7
48241,	17,	0,	ch:175-6
48264,	23,	0,	ch:175-5
48282,	18,	0,	ch:175-4
48307,	25,	0,	ch:175-3
48325,	18,	0,	ch:175-2
48351,	26,	0,	ch:175-1
48369,	18,	0,	ch:175-0
48379,	10,	1,	ch:175-T
48398,	19,	0,	ch:176-S
48423,	25,	0,	ch:176-7
48440,	17,	0,	ch:176-6
48463,	23,	0,	ch:176-5
48484,	21,	0,	ch:176-4
48510,	26,	0,	ch:176-3
48518,	8,	0,	ch:176-2
48556,	38,	0,	ch:176-1
48574,	18,	0,	ch:176-0
48599,	25,	1,	ch:176-T
48617,	18,	0,	ch:177-S
48644,	27,	0,	ch:177-7
48662,	18,	0,	ch:177-6
48687,	25,	0,	ch:177-5
48705,	18,	0,	ch:177-4
48729,	24,	0,	ch:177-3
48747,	18,	0,	ch:177-2
48790,	43,	0,	ch:177-1
48809,	19,	0,	ch:177-0
48832,	23,	1,	ch:177-T
48850,	18,	0,	ch:178-S
48874,	24,	0,	ch:178-7
48891,	17,	0,	ch:178-6
48915,	24,	0,	ch:178-5
48932,	17,	0,	ch:178-4
48956,	24,	0,	ch:178-3
48975,	19,	0,	ch:178-2
48980,	5,	0,	ch:178-1
49021,	41,	0,	ch:178-0
49039,	18,	1,	ch:178-T
49084,	45,	0,	ch:179-S
49102,	18,	0,	ch:179-7
49127,	25,	0,	ch:179-6
49145,	18,	0,	ch:179-5
49165,	20,	0,	ch:179-4
49182,	17,	0,	ch:179-3
49205,	23,	0,	ch:179-2
49222,	17,	0,	ch:179-1
49247,	25,	0,	ch:179-0
49265,	18,	1,	ch:179-T
49305,	40,	0,	ch:180-S
49322,	17,	0,	ch:180-7
49345,	23,	0,	ch:180-6
49363,	18,	0,	ch:180-5
49387,	24,	0,	ch:180-4
49405,	18,	0,	ch:180-3
49425,	20,	0,	ch:180-2
49442,	17,	0,	ch:180-1
49465,	23,	0,	ch:180-0
49486,	21,	1,	ch:180-T
49525,	39,	0,	ch:181-S
49543,	18,	0,	ch:181-7
49552,	9,	0,	ch:181-6
49564,	12,	0,	ch:181-5
49588,	24,	0,	ch:181-4
49613,	25,	0,	ch:181-3
49649,	36,	0,	ch:181-2
49666,	17,	0,	ch:181-1
49689,	23,	0,	ch:181-0
49707,	18,	1,	ch:181-T
49749,	42,	0,	ch:182-S
49766,	17,	0,	ch:182-7
49789,	23,	0,	ch:182-6
49806,	17,	0,	ch:182-5
49831,	25,	0,	ch:182-4
49849,	18,	0,	ch:182-3
49873,	24,	0,	ch:182-2
49890,	17,	0,	ch:182-1
49919,	29,	0,	ch:182-0
49936,	17,	1,	ch:182-T
49977,	41,	0,	ch:183-S
49994,	17,	0,	ch:183-7
50019,	25,	0,	ch:183-6
50036,	17,	0,	ch:183-5
50060,	24,	0,	ch:183-4
50077,	17,	0,	ch:183-3
50102,	25,	0,	ch:183-2
50121,	19,	0,	ch:183-1
50130,	9,	0,	ch:183-0
50152,	22,	1,	ch:183-T
50196,	44,	0,	ch:184-S
50214,	18,	0,	ch:184-7
50237,	23,	0,	ch:184-6
50254,	17,	0,	ch:184-5
50277,	23,	0,	ch:184-4
50295,	18,	0,	ch:184-3
50319,	24,	0,	ch:184-2
50337,	18,	0,	ch:184-1
50357,	20,	0,	ch:184-0
50374,	17,	1,	ch:184-T
50416,	42,	0,	ch:185-S
50433,	17,	0,	ch:185-7
50457,	24,	0,	ch:185-6
50474,	17,	0,	ch:185-5
50499,	25,	0,	ch:185-4
50516,	17,	0,	ch:185-3
50540,	24,	0,	ch:185-2
50567,	27,	0,	ch:185-1
50592,	25,	0,	ch:185-0
50609,	17,	1,	ch:185-T
50651,	42,	0,	ch:186-S
50668,	17,	0,	ch:186-7
50692,	24,	0,	ch:186-6
50712,	20,	0,	ch:186-5
50717,	5,	0,	ch:186-4
50755,	38,	0,	ch:186-3
50776,	21,	0,	ch:186-2
50785,	9,	0,	ch:186-1
50810,	25,	0,	ch:186-0
50849,	39,	1,	ch:186-T
50869,	20,	0,	ch:187-S
50896,	27,	0,	ch:187-7
50918,	22,	0,	ch:187-6
50959,	41,	0,	ch:187-5
50977,	18,	0,	ch:187-4
50982,	5,	0,	ch:187-3
51024,	42,	0,	ch:187-2
51043,	19,	0,	ch:187-1
51067,	24,	0,	ch:187-0
51085,	18,	1,	ch:187-T
51128,	43,	0,	ch:188-S
51146,	18,	0,	ch:188-7
51155,	9,	0,	ch:188-6
51176,	21,	0,	ch:188-5
51185,	9,	0,	ch:188-4
51204,	19,	0,	ch:188-3
51212,	8,	0,	ch:188-2
51220,	8,	0,	ch:188-1
51261,	41,	0,	ch:188-0
51279,	18,	1,	ch:188-T
51329,	50,	0,	ch:189-S
51346,	17,	0,	ch:189-7
51371,	25,	0,	ch:189-6
51390,	19,	0,	ch:189-5
51405,	15,	0,	ch:189-4
51413,	8,	0,	ch:189-3
51432,	19,	0,	ch:189-2
51473,	41,	0,	ch:189-1
51492,	19,	0,	ch:189-0
51500,	8,	1,	ch:189-T
51523,	23,	0,	ch:190-S
51544,	21,	0,	ch:190-7
51562,	18,	0,	ch:190-6
51585,	23,	0,	ch:190-5
51603,	18,	0,	ch:190-4
51627,	24,	0,	ch:190-3
51645,	18,	0,	ch:190-2
51670,	25,	0,	ch:190-1
51691,	21,	0,	ch:190-0
51714,	23,	1,	ch:190-T
51731,	17,	0,	ch:191-S
51755,	24,	0,	ch:191-7
51773,	18,	0,	ch:191-6
51796,	23,	0,	ch:191-5
51814,	18,	0,	ch:191-4
51819,	5,	0,	ch:191-3
51856,	37,	0,	ch:191-2
51873,	17,	0,	ch:191-1
51896,	23,	0,	ch:191-0
51914,	18,	1,	ch:191-T
51956,	42,	0,	ch:192-S
51973,	17,	0,	ch:192-7
51996,	23,	0,	ch:192-6
52014,	18,	0,	ch:192-5
52019,	5,	0,	ch:192-4
52058,	39,	0,	ch:192-3
52075,	17,	0,	ch:192-2
52099,	24,	0,	ch:192-1
52116,	17,	0,	ch:192-0
52140,	24,	1,	ch:192-T
52158,	18,	0,	ch:193-S
52181,	23,	0,	ch:193-7
52198,	17,	0,	ch:193-6
52223,	25,	0,	ch:193-5
52241,	18,	0,	ch:193-4
52265,	24,	0,	ch:193-3
52282,	17,	0,	ch:193-2
52307,	25,	0,	ch:193-1
52325,	18,	0,	ch:193-0
52335,	10,	1,	ch:193-T
52378,	43,	0,	ch:194-S
52415,	37,	0,	ch:194-7
52452,	37,	0,	ch:194-6
52488,	36,	0,	ch:194-5
52524,	36,	0,	ch:194-4
52560,	36,	0,	ch:194-3
52597,	37,	0,	ch:194-2
52633,	36,	0,	ch:194-1
52669,	36,	0,	ch:194-0
52706,	37,	1,	ch:194-T
52747,	41,	0,	ch:195-S
52784,	37,	0,	ch:195-7
52820,	36,	0,	ch:195-6
52856,	36,	0,	ch:195-5
52893,	37,	0,	ch:195-4
52931,	38,	0,	ch:195-3
52967,	36,	0,	ch:195-2
53011,	44,	0,	ch:195-1
53035,	24,	0,	ch:195-0
53073,	38,	1,	ch:195-T
53115,	42,	0,	ch:196-S
53151,	36,	0,	ch:196-7
53187,	36,	0,	ch:196-6
53224,	37,	0,	ch:196-5
53260,	36,	0,	ch:196-4
53296,	36,	0,	ch:196-3
53332,	36,	0,	ch:196-2
53368,	36,	0,	ch:196-1
53404,	36,	0,	ch:196-0
53441,	37,	1,	ch:196-T
53483,	42,	0,	ch:197-S
53523,	40,	0,	ch:197-7
53561,	38,	0,	ch:197-6
53597,	36,	0,	ch:197-5
53634,	37,	0,	ch:197-4
53674,	40,	0,	ch:197-3
53714,	40,	0,	ch:197-2
53754,	40,	0,	ch:197-1
53794,	40,	0,	ch:197-0
53834,	40,	1,	ch:197-T
53874,	40,	0,	ch:198-S
53910,	36,	0,	ch:198-7
53946,	36,	0,	ch:198-6
53982,	36,	0,	ch:198-5
54018,	36,	0,	ch:198-4
54054,	36,	0,	ch:198-3
54094,	40,	0,	ch:198-2
54134,	40,	0,	ch:198-1
54175,	41,	0,	ch:198-0
54212,	37,	1,	ch:198-T
54255,	43,	0,	ch:199-S
54292,	37,	0,	ch:199-7
54328,	36,	0,	ch:199-6
54363,	35,	0,	ch:199-5
54400,	37,	0,	ch:199-4
54439,	39,	0,	ch:199-3
54476,	37,	0,	ch:199-2
54512,	36,	0,	ch:199-1
54548,	36,	0,	ch:199-0
54584,	36,	1,	ch:199-T
54623,	39,	0,	ch:200-S
54660,	37,	0,	ch:200-7
54700,	40,	0,	ch:200-6
54739,	39,	0,	ch:200-5
54776,	37,	0,	ch:200-4
54812,	36,	0,	ch:200-3
54852,	40,	0,	ch:200-2
54891,	39,	0,	ch:200-1
54928,	37,	0,	ch:200-0
54963,	35,	1,	ch:200-T
55004,	41,	0,	ch:201-S
55040,	36,	0,	ch:201-7
55075,	35,	0,	ch:201-6
55112,	37,	0,	ch:201-5
55153,	41,	0,	ch:201-4
55190,	37,	0,	ch:201-3
55227,	37,	0,	ch:201-2
55265,	38,	0,	ch:201-1
55301,	36,	0,	ch:201-0
55337,	36,	1,	ch:201-T
55377,	40,	0,	ch:202-S
55414,	37,	0,	ch:202-7
55454,	40,	0,	ch:202-6
55496,	42,	0,	ch:202-5
55535,	39,	0,	ch:202-4
55571,	36,	0,	ch:202-3
55608,	37,	0,	ch:202-2
55644,	36,	0,	ch:202-1
55680,	36,	0,	ch:202-0
55716,	36,	1,	ch:202-T
55757,	41,	0,	ch:203-S
55797,	40,	0,	ch:203-7
55834,	37,	0,	ch:203-6
55872,	38,	0,	ch:203-5
55910,	38,	0,	ch:203-4
55946,	36,	0,	ch:203-3
55982,	36,	0,	ch:203-2
56020,	38,	0,	ch:203-1
56056,	36,	0,	ch:203-0
56094,	38,	1,	ch:203-T
56134,	40,	0,	ch:204-S
56173,	39,	0,	ch:204-7
56224,	51,	0,	ch:204-6
56260,	36,	0,	ch:204-5
56297,	37,	0,	ch:204-4
56333,	36,	0,	ch:204-3
56369,	36,	0,	ch:204-2
56405,	36,	0,	ch:204-1
56441,	36,	0,	ch:204-0
56477,	36,	1,	ch:204-T
56517,	40,	0,	ch:205-S
56551,	34,	0,	ch:205-7
56587,	36,	0,	ch:205-6
56623,	36,	0,	ch:205-5
56659,	36,	0,	ch:205-4
56697,	38,	0,	ch:205-3
56733,	36,	0,	ch:205-2
56773,	40,	0,	ch:205-1
56811,	38,	0,	ch:205-0
56846,	35,	1,	ch:205-T
56886,	40,	0,	ch:206-S
56922,	36,	0,	ch:206-7
56959,	37,	0,	ch:206-6
56994,	35,	0,	ch:206-5
57030,	36,	0,	ch:206-4
57066,	36,	0,	ch:206-3
57102,	36,	0,	ch:206-2
57138,	36,	0,	ch:206-1
57174,	36,	0,	ch:206-0
57210,	36,	1,	ch:206-T
57250,	40,	0,	ch:207-S
57291,	41,	0,	ch:207-7
57331,	40,	0,	ch:207-6
57371,	40,	0,	ch:207-5
57408,	37,	0,	ch:207-4
57445,	37,	0,	ch:207-3
57482,	37,	0,	ch:207-2
57519,	37,	0,	ch:207-1
57558,	39,	0,	ch:207-0
57598,	40,	1,	ch:207-T
57641,	43,	0,	ch:208-S
57677,	36,	0,	ch:208-7
57713,	36,	0,	ch:208-6
57749,	36,	0,	ch:208-5
57785,	36,	0,	ch:208-4
57823,	38,	0,	ch:208-3
57863,	40,	0,	ch:208-2
57908,	45,	0,	ch:208-1
57943,	35,	0,	ch:208-0
57979,	36,	1,	ch:208-T
58026,	47,	0,	ch:209-S
58066,	40,	0,	ch:209-7
58104,	38,	0,	ch:209-6
58140,	36,	0,	ch:209-5
58177,	37,	0,	ch:209-4
58220,	43,	0,	ch:209-3
58255,	35,	0,	ch:209-2
58291,	36,	0,	ch:209-1
58329,	38,	0,	ch:209-0
58365,	36,	1,	ch:209-T
58406,	41,	0,	ch:210-S
58442,	36,	0,	ch:210-7
58478,	36,	0,	ch:210-6
58515,	37,	0,	ch:210-5
58554,	39,	0,	ch:210-4
58590,	36,	0,	ch:210-3
58626,	36,	0,	ch:210-2
58662,	36,	0,	ch:210-1
58698,	36,	0,	ch:210-0
58737,	39,	1,	ch:210-T
58777,	40,	0,	ch:211-S
58813,	36,	0,	ch:211-7
58849,	36,	0,	ch:211-6
58885,	36,	0,	ch:211-5
58921,	36,	0,	ch:211-4
58955,	34,	0,	ch:211-3
58991,	36,	0,	ch:211-2
59027,	36,	0,	ch:211-1
59063,	36,	0,	ch:211-0
59071,	8,	1,	ch:211-T
59110,	39,	0,	ch:212-S
59146,	36,	0,	ch:212-7
59182,	36,	0,	ch:212-6
59202,	20,	0,	ch:212-5
59237,	35,	0,	ch:212-4
59273,	36,	0,	ch:212-3
59309,	36,	0,	ch:212-2
59345,	36,	0,	ch:212-1
59382,	37,	0,	ch:212-0
59418,	36,	1,	ch:212-T
59458,	40,	0,	ch:213-S
59493,	35,	0,	ch:213-7
59529,	36,	0,	ch:213-6
59565,	36,	0,	ch:213-5
59601,	36,	0,	ch:213-4
59610,	9,	0,	ch:213-3
59646,	36,	0,	ch:213-2
59682,	36,	0,	ch:213-1
59718,	36,	0,	ch:213-0
59726,	8,	1,	ch:213-T
59766,	40,	0,	ch:214-S
59802,	36,	0,	ch:214-7
59845,	43,	0,	ch:214-6
59853,	8,	0,	ch:214-5
59878,	25,	0,	ch:214-4
59914,	36,	0,	ch:214-3
59954,	40,	0,	ch:214-2
59993,	39,	0,	ch:214-1
60017,	24,	0,	ch:214-0
60031,	14,	1,	ch:214-T
60057,	26,	0,	ch:215-S
60076,	19,	0,	ch:215-7
60113,	37,	0,	ch:215-6
60129,	16,	0,	ch:215-5
60153,	24,	0,	ch:215-4
60170,	17,	0,	ch:215-3
60193,	23,	0,	ch:215-2
60210,	17,	0,	ch:215-1
60233,	23,	0,	ch:215-0
60241,	8,	1,	ch:215-T
60257,	16,	0,	ch:216-S
60282,	25,	0,	ch:216-7
60299,	17,	0,	ch:216-6
60322,	23,	0,	ch:216-5
60339,	17,	0,	ch:216-4
60362,	23,	0,	ch:216-3
60379,	17,	0,	ch:216-2
60402,	23,	0,	ch:216-1
60419,	17,	0,	ch:216-0
60441,	22,	1,	ch:216-T
60458,	17,	0,	ch:217-S
60468,	10,	0,	ch:217-7
60489,	21,	0,	ch:217-6
60512,	23,	0,	ch:217-5
60520,	8,	0,	ch:217-4
60538,	18,	0,	ch:217-3
60559,	21,	0,	ch:217-2
60576,	17,	0,	ch:217-1
60600,	24,	0,	ch:217-0
60606,	6,	1,	ch:217-T
60624,	18,	0,	ch:218-S
60648,	24,	0,	ch:218-7
60665,	17,	0,	ch:218-6
60685,	20,	0,	ch:218-5
60702,	17,	0,	ch:218-4
60723,	21,	0,	ch:218-3
60740,	17,	0,	ch:218-2
60764,	24,	0,	ch:218-1
60780,	16,	0,	ch:218-0
60803,	23,	1,	ch:218-T
60820,	17,	0,	ch:219-S
60843,	23,	0,	ch:219-7
60860,	17,	0,	ch:219-6
60883,	23,	0,	ch:219-5
60900,	17,	0,	ch:219-4
60905,	5,	0,	ch:219-3
60941,	36,	0,	ch:219-2
60958,	17,	0,	ch:219-1
60981,	23,	0,	ch:219-0
60998,	17,	1,	ch:219-T
61039,	41,	0,	ch:220-S
61056,	17,	0,	ch:220-7
61078,	22,	0,	ch:220-6
61096,	18,	0,	ch:220-5
61118,	22,	0,	ch:220-4
61135,	17,	0,	ch:220-3
61158,	23,	0,	ch:220-2
61175,	17,	0,	ch:220-1
61197,	22,	0,	ch:220-0
61214,	17,	1,	ch:220-T
61254,	40,	0,	ch:221-S
61271,	17,	0,	ch:221-7
61294,	23,	0,	ch:221-6
61311,	17,	0,	ch:221-5
61341,	30,	0,	ch:221-4
61349,	8,	0,	ch:221-3
61361,	12,	0,	ch:221-2
61387,	26,	0,	ch:221-1
61404,	17,	0,	ch:221-0
61425,	21,	1,	ch:221-T
61441,	16,	0,	ch:222-S
61465,	24,	0,	ch:222-7
61481,	16,	0,	ch:222-6
61501,	20,	0,	ch:222-5
61518,	17,	0,	ch:222-4
61539,	21,	0,	ch:222-3
61555,	16,	0,	ch:222-2
61561,	6,	0,	ch:222-1
61604,	43,	0,	ch:222-0
61621,	17,	1,	ch:222-T
61663,	42,	0,	ch:223-S
61680,	17,	0,	ch:223-7
61701,	21,	0,	ch:223-6
61717,	16,	0,	ch:223-5
61735,	18,	0,	ch:223-4
61752,	17,	0,	ch:223-3
61786,	34,	0,	ch:223-2
61802,	16,	0,	ch:223-1
61823,	21,	0,	ch:223-0
61840,	17,	1,	ch:223-T
61880,	40,	0,	ch:224-S
61896,	16,	0,	ch:224-7
61914,	18,	0,	ch:224-6
61923,	9,	0,	ch:224-5
61939,	16,	0,	ch:224-4
61961,	22,	0,	ch:224-3
61977,	16,	0,	ch:224-2
61998,	21,	0,	ch:224-1
62014,	16,	0,	ch:224-0
62035,	21,	1,	ch:224-T
62051,	16,	0,	ch:225-S
62075,	24,	0,	ch:225-7
62091,	16,	0,	ch:225-6
62113,	22,	0,	ch:225-5
62129,	16,	0,	ch:225-4
62150,	21,	0,	ch:225-3
62166,	16,	0,	ch:225-2
62187,	21,	0,	ch:225-1
62203,	16,	0,	ch:225-0
62208,	5,	1,	ch:225-T
62247,	39,	0,	ch:226-S
62263,	16,	0,	ch:226-7
62284,	21,	0,	ch:226-6
62292,	8,	0,	ch:226-5
62309,	17,	0,	ch:226-4
62328,	19,	0,	ch:226-3
62351,	23,	0,	ch:226-2
62359,	8,	0,	ch:226-1
62392,	33,	0,	ch:226-0
62413,	21,	1,	ch:226-T
62441,	28,	0,	ch:227-S
62446,	5,	0,	ch:227-7
62464,	18,	0,	ch:227-6
62498,	34,	0,	ch:227-5
62514,	16,	0,	ch:227-4
62523,	9,	0,	ch:227-3
62534,	11,	0,	ch:227-2
62556,	22,	0,	ch:227-1
62579,	23,	0,	ch:227-0
62623,	44,	1,	ch:227-T
62639,	16,	0,	ch:228-S
62665,	26,	0,	ch:228-7
62681,	16,	0,	ch:228-6
62687,	6,	0,	ch:228-5
62715,	28,	0,	ch:228-4
62750,	35,	0,	ch:228-3
62766,	16,	0,	ch:228-2
62777,	11,	0,	ch:228-1
62812,	35,	0,	ch:228-0
62850,	38,	1,	ch:228-T
62890,	40,	0,	ch:229-S
62898,	8,	0,	ch:229-7
62921,	23,	0,	ch:229-6
62964,	43,	0,	ch:229-5
63001,	37,	0,	ch:229-4
63041,	40,	0,	ch:229-3
63078,	37,	0,	ch:229-2
63112,	34,	0,	ch:229-1
63147,	35,	0,	ch:229-0
63187,	40,	1,	ch:229-T
63231,	44,	0,	ch:230-S
63266,	35,	0,	ch:230-7
63305,	39,	0,	ch:230-6
63347,	42,	0,	ch:230-5
63382,	35,	0,	ch:230-4
63418,	36,	0,	ch:230-3
63452,	34,	0,	ch:230-2
63487,	35,	0,	ch:230-1
63523,	36,	0,	ch:230-0
63562,	39,	1,	ch:230-T
63603,	41,	0,	ch:231-S
63641,	38,	0,	ch:231-7
63676,	35,	0,	ch:231-6
63714,	38,	0,	ch:231-5
63752,	38,	0,	ch:231-4
63789,	37,	0,	ch:231-3
63825,	36,	0,	ch:231-2
63861,	36,	0,	ch:231-1
63897,	36,	0,	ch:231-0
63933,	36,	1,	ch:231-T
63973,	40,	0,	ch:232-S
64010,	37,	0,	ch:232-7
64045,	35,	0,	ch:232-6
64081,	36,	0,	ch:232-5
64115,	34,	0,	ch:232-4
64150,	35,	0,	ch:232-3
64184,	34,	0,	ch:232-2
64219,	35,	0,	ch:232-1
64254,	35,	0,	ch:232-0
64289,	35,	1,	ch:232-T
64329,	40,	0,	ch:233-S
64363,	34,	0,	ch:233-7
64398,	35,	0,	ch:233-6
64433,	35,	0,	ch:233-5
64467,	34,	0,	ch:233-4
64502,	35,	0,	ch:233-3
64536,	34,	0,	ch:233-2
64571,	35,	0,	ch:233-1
64606,	35,	0,	ch:233-0
64640,	34,	1,	ch:233-T
64680,	40,	0,	ch:234-S
64715,	35,	0,	ch:234-7
64751,	36,	0,	ch:234-6
64786,	35,	0,	ch:234-5
64822,	36,	0,	ch:234-4
64858,	36,	0,	ch:234-3
64892,	34,	0,	ch:234-2
64927,	35,	0,	ch:234-1
64962,	35,	0,	ch:234-0
64997,	35,	1,	ch:234-T
65037,	40,	0,	ch:235-S
65071,	34,	0,	ch:235-7
65106,	35,	0,	ch:235-6
65140,	34,	0,	ch:235-5
65175,	35,	0,	ch:235-4
65210,	35,	0,	ch:235-3
65245,	35,	0,	ch:235-2
65279,	34,	0,	ch:235-1
65319,	40,	0,	ch:235-0
65358,	39,	1,	ch:235-T
65398,	40,	0,	ch:236-S
65433,	35,	0,	ch:236-7
65467,	34,	0,	ch:236-6
65502,	35,	0,	ch:236-5
65536,	34,	0,	ch:236-4
65571,	35,	0,	ch:236-3
65608,	37,	0,	ch:236-2
65645,	37,	0,	ch:236-1
65681,	36,	0,	ch:236-0
65715,	34,	1,	ch:236-T
65755,	40,	0,	ch:237-S
65791,	36,	0,	ch:237-7
65830,	39,	0,	ch:237-6
65865,	35,	0,	ch:237-5
65899,	34,	0,	ch:237-4
65941,	42,	0,	ch:237-3
65980,	39,	0,	ch:237-2
66015,	35,	0,	ch:237-1
66060,	45,	0,	ch:237-0
66102,	42,	1,	ch:237-T
66142,	40,	0,	ch:238-S
66179,	37,	0,	ch:238-7
66215,	36,	0,	ch:238-6
66250,	35,	0,	ch:238-5
66285,	35,	0,	ch:238-4
66319,	34,	0,	ch:238-3
66357,	38,	0,	ch:238-2
66397,	40,	0,	ch:238-1
66436,	39,	0,	ch:238-0
66474,	38,	1,	ch:238-T
66514,	40,	0,	ch:239-S
66550,	36,	0,	ch:239-7
66587,	37,	0,	ch:239-6
66624,	37,	0,	ch:239-5
66659,	35,	0,	ch:239-4
66698,	39,	0,	ch:239-3
66736,	38,	0,	ch:239-2
66775,	39,	0,	ch:239-1
66812,	37,	0,	ch:239-0
66847,	35,	1,	ch:239-T
66887,	40,	0,	ch:240-S
66922,	35,	0,	ch:240-7
66956,	34,	0,	ch:240-6
66991,	35,	0,	ch:240-5
67026,	35,	0,	ch:240-4
67061,	35,	0,	ch:240-3
67095,	34,	0,	ch:240-2
67103,	8,	0,	ch:240-1
67142,	39,	0,	ch:240-0
67179,	37,	1,	ch:240-T
67219,	40,	0,	ch:241-S
67254,	35,	0,	ch:241-7
67290,	36,	0,	ch:241-6
67325,	35,	0,	ch:241-5
67361,	36,	0,	ch:241-4
67398,	37,	0,	ch:241-3
67433,	35,	0,	ch:241-2
67469,	36,	0,	ch:241-1
67503,	34,	0,	ch:241-0
67538,	35,	1,	ch:241-T
67578,	40,	0,	ch:242-S
67613,	35,	0,	ch:242-7
67647,	34,	0,	ch:242-6
67682,	35,	0,	ch:242-5
67717,	35,	0,	ch:242-4
67751,	34,	0,	ch:242-3
67786,	35,	0,	ch:242-2
67821,	35,	0,	ch:242-1
67855,	34,	0,	ch:242-0
67890,	35,	1,	ch:242-T
67930,	40,	0,	ch:243-S
67965,	35,	0,	ch:243-7
68001,	36,	0,	ch:243-6
68042,	41,	0,	ch:243-5
68083,	41,	0,	ch:243-4
68124,	41,	0,	ch:243-3
68162,	38,	0,	ch:243-2
68197,	35,	0,	ch:243-1
68236,	39,	0,	ch:243-0
68275,	39,	1,	ch:243-T
68319,	44,	0,	ch:244-S
68355,	36,	0,	ch:244-7
68392,	37,	0,	ch:244-6
68430,	38,	0,	ch:244-5
68465,	35,	0,	ch:244-4
68499,	34,	0,	ch:244-3
68534,	35,	0,	ch:244-2
68569,	35,	0,	ch:244-1
68606,	37,	0,	ch:244-0
68640,	34,	1,	ch:244-T
68681,	41,	0,	ch:245-S
68715,	34,	0,	ch:245-7
68750,	35,	0,	ch:245-6
68785,	35,	0,	ch:245-5
68819,	34,	0,	ch:245-4
68854,	35,	0,	ch:245-3
68888,	34,	0,	ch:245-2
68923,	35,	0,	ch:245-1
68958,	35,	0,	ch:245-0
68992,	34,	1,	ch:245-T
69032,	40,	0,	ch:246-S
69067,	35,	0,	ch:246-7
69102,	35,	0,	ch:246-6
69136,	34,	0,	ch:246-5
69171,	35,	0,	ch:246-4
69206,	35,	0,	ch:246-3
69240,	34,	0,	ch:246-2
69279,	39,	0,	ch:246-1
69314,	35,	0,	ch:246-0
69350,	36,	1,	ch:246-T
69387,	37,	0,	ch:247-S
69424,	37,	0,	ch:247-7
69456,	32,	0,	ch:247-6
69488,	32,	0,	ch:247-5
69520,	32,	0,	ch:247-4
69555,	35,	0,	ch:247-3
69587,	32,	0,	ch:247-2
69619,	32,	0,	ch:247-1
69651,	32,	0,	ch:247-0
69685,	34,	1,	ch:247-T
69723,	38,	0,	ch:248-S
69755,	32,	0,	ch:248-7
69787,	32,	0,	ch:248-6
69821,	34,	0,	ch:248-5
69854,	33,	0,	ch:248-4
69888,	34,	0,	ch:248-3
69921,	33,	0,	ch:248-2
69953,	32,	0,	ch:248-1
69988,	35,	0,	ch:248-0
70024,	36,	1,	ch:248-T
70061,	37,	0,	ch:249-S
70096,	35,	0,	ch:249-7
70128,	32,	0,	ch:249-6
70160,	32,	0,	ch:249-5
70192,	32,	0,	ch:249-4
70224,	32,	0,	ch:249-3
70256,	32,	0,	ch:249-2
70288,	32,	0,	ch:249-1
70320,	32,	0,	ch:249-0
70352,	32,	1,	ch:249-T
70389,	37,	0,	ch:250-S
70422,	33,	0,	ch:250-7
70453,	31,	0,	ch:250-6
70485,	32,	0,	ch:250-5
70517,	32,	0,	ch:250-4
70549,	32,	0,	ch:250-3
70581,	32,	0,	ch:250-2
70616,	35,	0,	ch:250-1
70648,	32,	0,	ch:250-0
70680,	32,	1,	ch:250-T
70721,	41,	0,	ch:251-S
70759,	38,	0,	ch:251-7
70796,	37,	0,	ch:251-6
70830,	34,	0,	ch:251-5
70866,	36,	0,	ch:251-4
70900,	34,	0,	ch:251-3
70937,	37,	0,	ch:251-2
70973,	36,	0,	ch:251-1
71012,	39,	0,	ch:251-0
71044,	32,	1,	ch:251-T
71083,	39,	0,	ch:252-S
71120,	37,	0,	ch:252-7
71154,	34,	0,	ch:252-6
71188,	34,	0,	ch:252-5
71223,	35,	0,	ch:252-4
71258,	35,	0,	ch:252-3
71292,	34,	0,	ch:252-2
71327,	35,	0,	ch:252-1
71362,	35,	0,	ch:252-0
71396,	34,	1,	ch:252-T
71434,	38,	0,	ch:253-S
71468,	34,	0,	ch:253-7
71502,	34,	0,	ch:253-6
71536,	34,	0,	ch:253-5
71571,	35,	0,	ch:253-4
71604,	33,	0,	ch:253-3
71639,	35,	0,	ch:253-2
71672,	33,	0,	ch:253-1
71706,	34,	0,	ch:253-0
71740,	34,	1,	ch:253-T
71779,	39,	0,	ch:254-S
71814,	35,	0,	ch:254-7
71851,	37,	0,	ch:254-6
71883,	32,	0,	ch:254-5
71923,	40,	0,	ch:254-4
71961,	38,	0,	ch:254-3
71993,	32,	0,	ch:254-2
72026,	33,	0,	ch:254-1
72060,	34,	0,	ch:254-0
72097,	37,	1,	ch:254-T
72136,	39,	0,	ch:255-S
72168,	32,	0,	ch:255-7
72201,	33,	0,	ch:255-6
72240,	39,	0,	ch:255-5
72276,	36,	0,	ch:255-4
72311,	35,	0,	ch:255-3
72347,	36,	0,	ch:255-2
72379,	32,	0,	ch:255-1
72416,	37,	0,	ch:255-0
72454,	38,	1,	ch:255-T
72494,	40,	0,	ch:256-S
72528,	34,	0,	ch:256-7
72560,	32,	0,	ch:256-6
72596,	36,	0,	ch:256-5
72632,	36,	0,	ch:256-4
72664,	32,	0,	ch:256-3
72696,	32,	0,	ch:256-2
72731,	35,	0,	ch:256-1
72763,	32,	0,	ch:256-0
72795,	32,	1,	ch:256-T
72847,	52,	0,	ch:257-S
72879,	32,	0,	ch:257-7
72911,	32,	0,	ch:257-6
72943,	32,	0,	ch:257-5
72977,	34,	0,	ch:257-4
73014,	37,	0,	ch:257-3
73048,	34,	0,	ch:257-2
73080,	32,	0,	ch:257-1
73121,	41,	0,	ch:257-0
73163,	42,	1,	ch:257-T
73203,	40,	0,	ch:258-S
73240,	37,	0,	ch:258-7
73277,	37,	0,	ch:258-6
73311,	34,	0,	ch:258-5
73344,	33,	0,	ch:258-4
73379,	35,	0,	ch:258-3
73411,	32,	0,	ch:258-2
73445,	34,	0,	ch:258-1
73477,	32,	0,	ch:258-0
73509,	32,	1,	ch:258-T
73547,	38,	0,	ch:259-S
73579,	32,	0,	ch:259-7
73611,	32,	0,	ch:259-6
73644,	33,	0,	ch:259-5
73677,	33,	0,	ch:259-4
73709,	32,	0,	ch:259-3
73741,	32,	0,	ch:259-2
73775,	34,	0,	ch:259-1
73807,	32,	0,	ch:259-0
73840,	33,	1,	ch:259-T
73877,	37,	0,	ch:260-S
73909,	32,	0,	ch:260-7
73941,	32,	0,	ch:260-6
73975,	34,	0,	ch:260-5
74007,	32,	0,	ch:260-4
74039,	32,	0,	ch:260-3
74071,	32,	0,	ch:260-2
74103,	32,	0,	ch:260-1
74135,	32,	0,	ch:260-0
74167,	32,	1,	ch:260-T
74204,	37,	0,	ch:261-S
74236,	32,	0,	ch:261-7
74269,	33,	0,	ch:261-6
74303,	34,	0,	ch:261-5
74343,	40,	0,	ch:261-4
74379,	36,	0,	ch:261-3
74412,	33,	0,	ch:261-2
74444,	32,	0,	ch:261-1
74477,	33,	0,	ch:261-0
74511,	34,	1,	ch:261-T
74548,	37,	0,	ch:262-S
74580,	32,	0,	ch:262-7
74613,	33,	0,	ch:262-6
74647,	34,	0,	ch:262-5
74679,	32,	0,	ch:262-4
74712,	33,	0,	ch:262-3
74744,	32,	0,	ch:262-2
74776,	32,	0,	ch:262-1
74809,	33,	0,	ch:262-0
74841,	32,	1,	ch:262-T
74880,	39,	0,	ch:263-S
74916,	36,	0,	ch:263-7
74948,	32,	0,	ch:263-6
74981,	33,	0,	ch:263-5
75015,	34,	0,	ch:263-4
75048,	33,	0,	ch:263-3
75086,	38,	0,	ch:263-2
75121,	35,	0,	ch:263-1
75153,	32,	0,	ch:263-0
75187,	34,	1,	ch:263-T
75235,	48,	0,	ch:264-S
75268,	33,	0,	ch:264-7
75300,	32,	0,	ch:264-6
75332,	32,	0,	ch:264-5
75364,	32,	0,	ch:264-4
75396,	32,	0,	ch:264-3
75428,	32,	0,	ch:264-2
75460,	32,	0,	ch:264-1
75495,	35,	0,	ch:264-0
75527,	32,	1,	ch:264-T
75565,	38,	0,	ch:265-S
75599,	34,	0,	ch:265-7
75632,	33,	0,	ch:265-6
75664,	32,	0,	ch:265-5
75696,	32,	0,	ch:265-4
75728,	32,	0,	ch:265-3
75760,	32,	0,	ch:265-2
75793,	33,	0,	ch:265-1
75831,	38,	0,	ch:265-0
75865,	34,	1,	ch:265-T
75903,	38,	0,	ch:266-S
75936,	33,	0,	ch:266-7
75968,	32,	0,	ch:266-6
76001,	33,	0,	ch:266-5
76035,	34,	0,	ch:266-4
76067,	32,	0,	ch:266-3
76100,	33,	0,	ch:266-2
76135,	35,	0,	ch:266-1
76167,	32,	0,	ch:266-0
76200,	33,	1,	ch:266-T
76237,	37,	0,	ch:267-S
76271,	34,	0,	ch:267-7
76303,	32,	0,	ch:267-6
76335,	32,	0,	ch:267-5
76367,	32,	0,	ch:267-4
76400,	33,	0,	ch:267-3
76432,	32,	0,	ch:267-2
76464,	32,	0,	ch:267-1
76497,	33,	0,	ch:267-0
76531,	34,	1,	ch:267-T
76568,	37,	0,	ch:268-S
76601,	33,	0,	ch:268-7
76635,	34,	0,	ch:268-6
76668,	33,	0,	ch:268-5
76700,	32,	0,	ch:268-4
76733,	33,	0,	ch:268-3
76767,	34,	0,	ch:268-2
76800,	33,	0,	ch:268-1
76833,	33,	0,	ch:268-0
76867,	34,	1,	ch:268-T
76904,	37,	0,	ch:269-S
76942,	38,	0,	ch:269-7
76975,	33,	0,	ch:269-6
77008,	33,	0,	ch:269-5
77042,	34,	0,	ch:269-4
77075,	33,	0,	ch:269-3
77107,	32,	0,	ch:269-2
77142,	35,	0,	ch:269-1
77179,	37,	0,	ch:269-0
77220,	41,	1,	ch:269-T
77257,	37,	0,	ch:270-S
77295,	38,	0,	ch:270-7
77329,	34,	0,	ch:270-6
77361,	32,	0,	ch:270-5
77393,	32,	0,	ch:270-4
77425,	32,	0,	ch:270-3
77457,	32,	0,	ch:270-2
77489,	32,	0,	ch:270-1
77521,	32,	0,	ch:270-0
77553,	32,	1,	ch:270-T
77591,	38,	0,	ch:271-S
77623,	32,	0,	ch:271-7
77655,	32,	0,	ch:271-6
77687,	32,	0,	ch:271-5
77720,	33,	0,	ch:271-4
77752,	32,	0,	ch:271-3
77784,	32,	0,	ch:271-2
77816,	32,	0,	ch:271-1
77848,	32,	0,	ch:271-0
77881,	33,	1,	ch:271-T
77918,	37,	0,	ch:272-S
77951,	33,	0,	ch:272-7
77983,	32,	0,	ch:272-6
78019,	36,	0,	ch:272-5
78053,	34,	0,	ch:272-4
78085,	32,	0,	ch:272-3
78117,	32,	0,	ch:272-2
78149,	32,	0,	ch:272-1
78181,	32,	0,	ch:272-0
78214,	33,	1,	ch:272-T
78251,	37,	0,	ch:273-S
78283,	32,	0,	ch:273-7
78315,	32,	0,	ch:273-6
78347,	32,	0,	ch:273-5
78379,	32,	0,	ch:273-4
78411,	32,	0,	ch:273-3
78443,	32,	0,	ch:273-2
78475,	32,	0,	ch:273-1
78507,	32,	0,	ch:273-0
78540,	33,	1,	ch:273-T
78577,	37,	0,	ch:274-S
78609,	32,	0,	ch:274-7
78641,	32,	0,	ch:274-6
78673,	32,	0,	ch:274-5
78705,	32,	0,	ch:274-4
78738,	33,	0,	ch:274-3
78769,	31,	0,	ch:274-2
78806,	37,	0,	ch:274-1
78841,	35,	0,	ch:274-0
78875,	34,	1,	ch:274-T
78912,	37,	0,	ch:275-S
78944,	32,	0,	ch:275-7
78976,	32,	0,	ch:275-6
79008,	32,	0,	ch:275-5
79045,	37,	0,	ch:275-4
79079,	34,	0,	ch:275-3
79112,	33,	0,	ch:275-2
79146,	34,	0,	ch:275-1
79181,	35,	0,	ch:275-0
79218,	37,	1,	ch:275-T
79256,	38,	0,	ch:276-S
79288,	32,	0,	ch:276-7
79320,	32,	0,	ch:276-6
79353,	33,	0,	ch:276-5
79385,	32,	0,	ch:276-4
79417,	32,	0,	ch:276-3
79449,	32,	0,	ch:276-2
79481,	32,	0,	ch:276-1
79513,	32,	0,	ch:276-0
79545,	32,	1,	ch:276-T
79583,	38,	0,	ch:277-S
79615,	32,	0,	ch:277-7
79647,	32,	0,	ch:277-6
79679,	32,	0,	ch:277-5
79711,	32,	0,	ch:277-4
79747,	36,	0,	ch:277-3
79788,	41,	0,	ch:277-2
79820,	32,	0,	ch:277-1
79854,	34,	0,	ch:277-0
79889,	35,	1,	ch:277-T
79925,	36,	0,	ch:278-S
79957,	32,	0,	ch:278-7
79989,	32,	0,	ch:278-6
80023,	34,	0,	ch:278-5
80055,	32,	0,	ch:278-4
80087,	32,	0,	ch:278-3
80119,	32,	0,	ch:278-2
80151,	32,	0,	ch:278-1
80183,	32,	0,	ch:278-0
80219,	36,	1,	ch:278-T
80256,	37,	0,	ch:279-S
80288,	32,	0,	ch:279-7
80320,	32,	0,	ch:279-6
80352,	32,	0,	ch:279-5
80384,	32,	0,	ch:279-4
80417,	33,	0,	ch:279-3
80449,	32,	0,	ch:279-2
80483,	34,	0,	ch:279-1
80517,	34,	0,	ch:279-0
80552,	35,	1,	ch:279-T
80589,	37,	0,	ch:280-S
80621,	32,	0,	ch:280-7
80653,	32,	0,	ch:280-6
80685,	32,	0,	ch:280-5
80717,	32,	0,	ch:280-4
80749,	32,	0,	ch:280-3
80781,	32,	0,	ch:280-2
80813,	32,	0,	ch:280-1
80845,	32,	0,	ch:280-0
80877,	32,	1,	ch:280-T
80914,	37,	0,	ch:281-S
80947,	33,	0,	ch:281-7
80979,	32,	0,	ch:281-6
81011,	32,	0,	ch:281-5
81043,	32,	0,	ch:281-4
81075,	32,	0,	ch:281-3
81107,	32,	0,	ch:281-2
81140,	33,	0,	ch:281-1
81173,	33,	0,	ch:281-0
81206,	33,	1,	ch:281-T
81244,	38,	0,	ch:282-S
81276,	32,	0,	ch:282-7
81308,	32,	0,	ch:282-6
81341,	33,	0,	ch:282-5
81373,	32,	0,	ch:282-4
81405,	32,	0,	ch:282-3
81437,	32,	0,	ch:282-2
81469,	32,	0,	ch:282-1
81501,	32,	0,	ch:282-0
81533,	32,	1,	ch:282-T
81569,	36,	0,	ch:283-S
81601,	32,	0,	ch:283-7
81633,	32,	0,	ch:283-6
81665,	32,	0,	ch:283-5
81697,	32,	0,	ch:283-4
81729,	32,	0,	ch:283-3
81761,	32,	0,	ch:283-2
81793,	32,	0,	ch:283-1
81825,	32,	0,	ch:283-0
81857,	32,	1,	ch:283-T
81894,	37,	0,	ch:284-S
81926,	32,	0,	ch:284-7
81961,	35,	0,	ch:284-6
81993,	32,	0,	ch:284-5
82025,	32,	0,	ch:284-4
82057,	32,	0,	ch:284-3
82089,	32,	0,	ch:284-2
82121,	32,	0,	ch:284-1
82153,	32,	0,	ch:284-0
82185,	32,	1,	ch:284-T
82221,	36,	0,	ch:285-S
82253,	32,	0,	ch:285-7
82285,	32,	0,	ch:285-6
82317,	32,	0,	ch:285-5
82349,	32,	0,	ch:285-4
82383,	34,	0,	ch:285-3
82414,	31,	0,	ch:285-2
82447,	33,	0,	ch:285-1
82478,	31,	0,	ch:285-0
82510,	32,	1,	ch:285-T
82548,	38,	0,	ch:286-S
82580,	32,	0,	ch:286-7
82612,	32,	0,	ch:286-6
82644,	32,	0,	ch:286-5
82676,	32,	0,	ch:286-4
82708,	32,	0,	ch:286-3
82740,	32,	0,	ch:286-2
82772,	32,	0,	ch:286-1
82804,	32,	0,	ch:286-0
82836,	32,	1,	ch:286-T
82873,	37,	0,	ch:287-S
82905,	32,	0,	ch:287-7
82937,	32,	0,	ch:287-6
82969,	32,	0,	ch:287-5
83007,	38,	0,	ch:287-4
83041,	34,	0,	ch:287-3
83073,	32,	0,	ch:287-2
83107,	34,	0,	ch:287-1
83141,	34,	0,	ch:287-0
83173,	32,	1,	ch:287-T
83210,	37,	0,	ch:288-S
83243,	33,	0,	ch:288-7
83274,	31,	0,	ch:288-6
83307,	33,	0,	ch:288-5
83338,	31,	0,	ch:288-4
83370,	32,	0,	ch:288-3
83403,	33,	0,	ch:288-2
83441,	38,	0,	ch:288-1
83474,	33,	0,	ch:288-0
83506,	32,	1,	ch:288-T
83544,	38,	0,	ch:289-S
83576,	32,	0,	ch:289-7
83608,	32,	0,	ch:289-6
83640,	32,	0,	ch:289-5
83674,	34,	0,	ch:289-4
83710,	36,	0,	ch:289-3
83743,	33,	0,	ch:289-2
83774,	31,	0,	ch:289-1
83806,	32,	0,	ch:289-0
83845,	39,	1,	ch:289-T
83883,	38,	0,	ch:290-S
83915,	32,	0,	ch:290-7
83947,	32,	0,	ch:290-6
83978,	31,	0,	ch:290-5
83998,	20,	0,	ch:290-4
84013,	15,	0,	ch:290-3
84026,	13,	0,	ch:290-2
84065,	39,	0,	ch:290-1
84080,	15,	0,	ch:290-0
84113,	33,	1,	ch:290-T
84130,	17,	0,	ch:291-S
84152,	22,	0,	ch:291-7
84170,	18,	0,	ch:291-6
84189,	19,	0,	ch:291-5
84204,	15,	0,	ch:291-4
84212,	8,	0,	ch:291-3
84228,	16,	0,	ch:291-2
84247,	19,	0,	ch:291-1
84261,	14,	0,	ch:291-0
84302,	41,	1,	ch:291-T
84317,	15,	0,	ch:292-S
84340,	23,	0,	ch:292-7
84354,	14,	0,	ch:292-6
84363,	9,	0,	ch:292-5
84396,	33,	0,	ch:292-4
84411,	15,	0,	ch:292-3
84428,	17,	0,	ch:292-2
84446,	18,	0,	ch:292-1
84467,	21,	0,	ch:292-0
84483,	16,	1,	ch:292-T
84520,	37,	0,	ch:293-S
84535,	15,	0,	ch:293-7
84552,	17,	0,	ch:293-6
84570,	18,	0,	ch:293-5
84589,	19,	0,	ch:293-4
84595,	6,	0,	ch:293-3
84629,	34,	0,	ch:293-2
84647,	18,	0,	ch:293-1
84679,	32,	0,	ch:293-0
84693,	14,	1,	ch:293-T
84729,	36,	0,	ch:294-S
84745,	16,	0,	ch:294-7
84777,	32,	0,	ch:294-6
84785,	8,	0,	ch:294-5
84799,	14,	0,	ch:294-4
84818,	19,	0,	ch:294-3
84836,	18,	0,	ch:294-2
84844,	8,	0,	ch:294-1
84866,	22,	0,	ch:294-0
84899,	33,	1,	ch:294-T
84914,	15,	0,	ch:295-S
84936,	22,	0,	ch:295-7
84950,	14,	0,	ch:295-6
84984,	34,	0,	ch:295-5
84998,	14,	0,	ch:295-4
85016,	18,	0,	ch:295-3
85034,	18,	0,	ch:295-2
85053,	19,	0,	ch:295-1
85068,	15,	0,	ch:295-0
85074,	6,	1,	ch:295-T
85115,	41,	0,	ch:296-S
85130,	15,	0,	ch:296-7
85172,	42,	0,	ch:296-6
85186,	14,	0,	ch:296-5
85220,	34,	0,	ch:296-4
85234,	14,	0,	ch:296-3
85252,	18,	0,	ch:296-2
85260,	8,	0,	ch:296-1
85275,	15,	0,	ch:296-0
85312,	37,	1,	ch:296-T
85329,	17,	0,	ch:297-S
85349,	20,	0,	ch:297-7
85363,	14,	0,	ch:297-6
85381,	18,	0,	ch:297-5
85395,	14,	0,	ch:297-4
85413,	18,	0,	ch:297-3
85427,	14,	0,	ch:297-2
85445,	18,	0,	ch:297-1
85460,	15,	0,	ch:297-0
85469,	9,	1,	ch:297-T
85500,	31,	0,	ch:298-S
85516,	16,	0,	ch:298-7
85549,	33,	0,	ch:298-6
85563,	14,	0,	ch:298-5
85568,	5,	0,	ch:298-4
85603,	35,	0,	ch:298-3
85618,	15,	0,	ch:298-2
85628,	10,	0,	ch:298-1
85660,	32,	0,	ch:298-0
85676,	16,	1,	ch:298-T
85712,	36,	0,	ch:299-S
85728,	16,	0,	ch:299-7
85735,	7,	0,	ch:299-6
85753,	18,	0,	ch:299-5
85787,	34,	0,	ch:299-4
85802,	15,	0,	ch:299-3
85834,	32,	0,	ch:299-2
85849,	15,	0,	ch:299-1
85866,	17,	0,	ch:299-0
85881,	15,	1,	ch:299-T
85917,	36,	0,	ch:300-S
85931,	14,	0,	ch:300-7
85949,	18,	0,	ch:300-6
85964,	15,	0,	ch:300-5
85994,	30,	0,	ch:300-4
86009,	15,	0,	ch:300-3
86026,	17,	0,	ch:300-2
86041,	15,	0,	ch:300-1
86072,	31,	0,	ch:300-0
86086,	14,	1,	ch:300-T
86121,	35,	0,	ch:301-S
86136,	15,	0,	ch:301-7
86166,	30,	0,	ch:301-6
86181,	15,	0,	ch:301-5
86198,	17,	0,	ch:301-4
86206,	8,	0,	ch:301-3
86222,	16,	0,	ch:301-2
86240,	18,	0,	ch:301-1
86254,	14,	0,	ch:301-0
86272,	18,	1,	ch:301-T
86286,	14,	0,	ch:302-S
86308,	22,	0,	ch:302-7
86322,	14,	0,	ch:302-6
86332,	10,	0,	ch:302-5
86354,	22,	0,	ch:302-4
86368,	14,	0,	ch:302-3
86387,	19,	0,	ch:302-2
86403,	16,	0,	ch:302-1
86434,	31,	0,	ch:302-0
86449,	15,	1,	ch:302-T
86484,	35,	0,	ch:303-S
86498,	14,	0,	ch:303-7
86516,	18,	0,	ch:303-6
86530,	14,	0,	ch:303-5
86540,	10,	0,	ch:303-4
86556,	16,	0,	ch:303-3
86589,	33,	0,	ch:303-2
86603,	14,	0,	ch:303-1
86621,	18,	0,	ch:303-0
86635,	14,	1,	ch:303-T
86670,	35,	0,	ch:304-S
86685,	15,	0,	ch:304-7
86702,	17,	0,	ch:304-6
86717,	15,	0,	ch:304-5
86748,	31,	0,	ch:304-4
86762,	14,	0,	ch:304-3
86780,	18,	0,	ch:304-2
86787,	7,	0,	ch:304-1
86804,	17,	0,	ch:304-0
86821,	17,	1,	ch:304-T
86835,	14,	0,	ch:305-S
86857,	22,	0,	ch:305-7
86871,	14,	0,	ch:305-6
86889,	18,	0,	ch:305-5
86903,	14,	0,	ch:305-4
86945,	42,	0,	ch:305-3
86963,	18,	0,	ch:305-2
86994,	31,	0,	ch:305-1
87009,	15,	0,	ch:305-0
87050,	41,	1,	ch:305-T
87067,	17,	0,	ch:306-S
87090,	23,	0,	ch:306-7
87105,	15,	0,	ch:306-6
87122,	17,	0,	ch:306-5
87137,	15,	0,	ch:306-4
87154,	17,	0,	ch:306-3
87169,	15,	0,	ch:306-2
87186,	17,	0,	ch:306-1
87201,	15,	0,	ch:306-0
87218,	17,	1,	ch:306-T
87233,	15,	0,	ch:307-S
87281,	48,	0,	ch:307-7
87313,	32,	0,	ch:307-6
87327,	14,	0,	ch:307-5
87345,	18,	0,	ch:307-4
87359,	14,	0,	ch:307-3
87377,	18,	0,	ch:307-2
87391,	14,	0,	ch:307-1
87409,	18,	0,	ch:307-0
87423,	14,	1,	ch:307-T
87458,	35,	0,	ch:308-S
87473,	15,	0,	ch:308-7
87490,	17,	0,	ch:308-6
87505,	15,	0,	ch:308-5
87522,	17,	0,	ch:308-4
87537,	15,	0,	ch:308-3
87554,	17,	0,	ch:308-2
87569,	15,	0,	ch:308-1
87586,	17,	0,	ch:308-0
87601,	15,	1,	ch:308-T
87636,	35,	0,	ch:309-S
87650,	14,	0,	ch:309-7
87668,	18,	0,	ch:309-6
87682,	14,	0,	ch:309-5
87700,	18,	0,	ch:309-4
87714,	14,	0,	ch:309-3
87732,	18,	0,	ch:309-2
87746,	14,	0,	ch:309-1
87764,	18,	0,	ch:309-0
87778,	14,	1,	ch:309-T
87813,	35,	0,	ch:310-S
87827,	14,	0,	ch:310-7
87845,	18,	0,	ch:310-6
87859,	14,	0,	ch:310-5
87877,	18,	0,	ch:310-4
87891,	14,	0,	ch:310-3
87909,	18,	0,	ch:310-2
87923,	14,	0,	ch:310-1
87941,	18,	0,	ch:310-0
87955,	14,	1,	ch:310-T
87991,	36,	0,	ch:311-S
88007,	16,	0,	ch:311-7
88028,	21,	0,	ch:311-6
88042,	14,	0,	ch:311-5
88060,	18,	0,	ch:311-4
88078,	18,	0,	ch:311-3
88097,	19,	0,	ch:311-2
88118,	21,	0,	ch:311-1
88150,	32,	0,	ch:311-0
88165,	15,	1,	ch:311-T
88200,	35,	0,	ch:312-S
88214,	14,	0,	ch:312-7
88232,	18,	0,	ch:312-6
88246,	14,	0,	ch:312-5
88264,	18,	0,	ch:312-4
88278,	14,	0,	ch:312-3
88296,	18,	0,	ch:312-2
88310,	14,	0,	ch:312-1
88330,	20,	0,	ch:312-0
88345,	15,	1,	ch:312-T
88381,	36,	0,	ch:313-S
88395,	14,	0,	ch:313-7
88413,	18,	0,	ch:313-6
88429,	16,	0,	ch:313-5
88483,	54,	0,	ch:313-4
88501,	18,	0,	ch:313-3
88520,	19,	0,	ch:313-2
88534,	14,	0,	ch:313-1
88542,	8,	0,	ch:313-0
88576,	34,	1,	ch:313-T
88590,	14,	0,	ch:314-S
88612,	22,	0,	ch:314-7
88626,	14,	0,	ch:314-6
88644,	18,	0,	ch:314-5
88658,	14,	0,	ch:314-4
88676,	18,	0,	ch:314-3
88690,	14,	0,	ch:314-2
88709,	19,	0,	ch:314-1
88724,	15,	0,	ch:314-0
88731,	7,	1,	ch:314-T
88769,	38,	0,	ch:315-S
88784,	15,	0,	ch:315-7
88803,	19,	0,	ch:315-6
88818,	15,	0,	ch:315-5
88837,	19,	0,	ch:315-4
88852,	15,	0,	ch:315-3
88871,	19,	0,	ch:315-2
88885,	14,	0,	ch:315-1
88906,	21,	0,	ch:315-0
88921,	15,	1,	ch:315-T
88958,	37,	0,	ch:316-S
88973,	15,	0,	ch:316-7
88992,	19,	0,	ch:316-6
89007,	15,	0,	ch:316-5
89029,	22,	0,	ch:316-4
89044,	15,	0,	ch:316-3
89077,	33,	0,	ch:316-2
89091,	14,	0,	ch:316-1
89109,	18,	0,	ch:316-0
89123,	14,	1,	ch:316-T
89160,	37,	0,	ch:317-S
89174,	14,	0,	ch:317-7
89194,	20,	0,	ch:317-6
89208,	14,	0,	ch:317-5
89241,	33,	0,	ch:317-4
89255,	14,	0,	ch:317-3
89273,	18,	0,	ch:317-2
89287,	14,	0,	ch:317-1
89305,	18,	0,	ch:317-0
89320,	15,	1,	ch:317-T
89356,	36,	0,	ch:318-S
89370,	14,	0,	ch:318-7
89388,	18,	0,	ch:318-6
89402,	14,	0,	ch:318-5
89420,	18,	0,	ch:318-4
89434,	14,	0,	ch:318-3
89452,	18,	0,	ch:318-2
89466,	14,	0,	ch:318-1
89485,	19,	0,	ch:318-0
89500,	15,	1,	ch:318-T
89536,	36,	0,	ch:319-S
89550,	14,	0,	ch:319-7
89568,	18,	0,	ch:319-6
89582,	14,	0,	ch:319-5
89599,	17,	0,	ch:319-4
89614,	15,	0,	ch:319-3
89632,	18,	0,	ch:319-2
89646,	14,	0,	ch:319-1
89665,	19,	0,	ch:319-0
89680,	15,	1,	ch:319-T
89716,	36,	0,	ch:320-S
89730,	14,	0,	ch:320-7
89748,	18,	0,	ch:320-6
89762,	14,	0,	ch:320-5
89780,	18,	0,	ch:320-4
89819,	39,	0,	ch:320-3
89839,	20,	0,	ch:320-2
89872,	33,	0,	ch:320-1
89886,	14,	0,	ch:320-0
89906,	20,	1,	ch:320-T
89920,	14,	0,	ch:321-S
89941,	21,	0,	ch:321-7
89955,	14,	0,	ch:321-6
89973,	18,	0,	ch:321-5
89987,	14,	0,	ch:321-4
90005,	18,	0,	ch:321-3
90020,	15,	0,	ch:321-2
90037,	17,	0,	ch:321-1
90051,	14,	0,	ch:321-0
90069,	18,	1,	ch:321-T
90083,	14,	0,	ch:322-S
90105,	22,	0,	ch:322-7
90119,	14,	0,	ch:322-6
90137,	18,	0,	ch:322-5
90151,	14,	0,	ch:322-4
90169,	18,	0,	ch:322-3
90183,	14,	0,	ch:322-2
90201,	18,	0,	ch:322-1
90216,	15,	0,	ch:322-0
90233,	17,	1,	ch:322-T
90247,	14,	0,	ch:323-S
90269,	22,	0,	ch:323-7
90286,	17,	0,	ch:323-6
90317,	31,	0,	ch:323-5
90332,	15,	0,	ch:323-4
90349,	17,	0,	ch:323-3
90363,	14,	0,	ch:323-2
90381,	18,	0,	ch:323-1
90395,	14,	0,	ch:323-0
90413,	18,	1,	ch:323-T
90427,	14,	0,	ch:324-S
90449,	22,	0,	ch:324-7
90463,	14,	0,	ch:324-6
90481,	18,	0,	ch:324-5
90495,	14,	0,	ch:324-4
90513,	18,	0,	ch:324-3
90528,	15,	0,	ch:324-2
90558,	30,	0,	ch:324-1
90573,	15,	0,	ch:324-0
90590,	17,	1,	ch:324-T
90605,	15,	0,	ch:325-S
90626,	21,	0,	ch:325-7
90641,	15,	0,	ch:325-6
90658,	17,	0,	ch:325-5
90673,	15,	0,	ch:325-4
90704,	31,	0,	ch:325-3
90718,	14,	0,	ch:325-2
90737,	19,	0,	ch:325-1
90752,	15,	0,	ch:325-0
90785,	33,	1,	ch:325-T
90799,	14,	0,	ch:326-S
90821,	22,	0,	ch:326-7
90839,	18,	0,	ch:326-6
90870,	31,	0,	ch:326-5
90885,	15,	0,	ch:326-4
90917,	32,	0,	ch:326-3
90931,	14,	0,	ch:326-2
90949,	18,	0,	ch:326-1
90964,	15,	0,	ch:326-0
90983,	19,	1,	ch:326-T
90997,	14,	0,	ch:327-S
91020,	23,	0,	ch:327-7
91036,	16,	0,	ch:327-6
91073,	37,	0,	ch:327-5
91088,	15,	0,	ch:327-4
91106,	18,	0,	ch:327-3
91121,	15,	0,	ch:327-2
91138,	17,	0,	ch:327-1
91153,	15,	0,	ch:327-0
91186,	33,	1,	ch:327-T
91201,	15,	0,	ch:328-S
91222,	21,	0,	ch:328-7
91241,	19,	0,	ch:328-6
91261,	20,	0,	ch:328-5
91283,	22,	0,	ch:328-4
91316,	33,	0,	ch:328-3
91330,	14,	0,	ch:328-2
91347,	17,	0,	ch:328-1
91368,	21,	0,	ch:328-0
91401,	33,	1,	ch:328-T
91416,	15,	0,	ch:329-S
91437,	21,	0,	ch:329-7
91451,	14,	0,	ch:329-6
91469,	18,	0,	ch:329-5
91483,	14,	0,	ch:329-4
91501,	18,	0,	ch:329-3
91515,	14,	0,	ch:329-2
91533,	18,	0,	ch:329-1
91547,	14,	0,	ch:329-0
91565,	18,	1,	ch:329-T
91579,	14,	0,	ch:330-S
91602,	23,	0,	ch:330-7
91616,	14,	0,	ch:330-6
91633,	17,	0,	ch:330-5
91647,	14,	0,	ch:330-4
91665,	18,	0,	ch:330-3
91679,	14,	0,	ch:330-2
91697,	18,	0,	ch:330-1
91712,	15,	0,	ch:330-0
91729,	17,	1,	ch:330-T
91743,	14,	0,	ch:331-S
91770,	27,	0,	ch:331-7
91788,	18,	0,	ch:331-6
91821,	33,	0,	ch:331-5
91839,	18,	0,	ch:331-4
91874,	35,	0,	ch:331-3
91889,	15,	0,	ch:331-2
91908,	19,	0,	ch:331-1
91923,	15,	0,	ch:331-0
91941,	18,	1,	ch:331-T
91956,	15,	0,	ch:332-S
91977,	21,	0,	ch:332-7
91991,	14,	0,	ch:332-6
92009,	18,	0,	ch:332-5
92023,	14,	0,	ch:332-4
92054,	31,	0,	ch:332-3
92069,	15,	0,	ch:332-2
92089,	20,	0,	ch:332-1
92104,	15,	0,	ch:332-0
92146,	42,	1,	ch:332-T
92161,	15,	0,	ch:333-S
92185,	24,	0,	ch:333-7
92200,	15,	0,	ch:333-6
92220,	20,	0,	ch:333-5
92236,	16,	0,	ch:333-4
92271,	35,	0,	ch:333-3
92286,	15,	0,	ch:333-2
92306,	20,	0,	ch:333-1
92321,	15,	0,	ch:333-0
92340,	19,	1,	ch:333-T
92354,	14,	0,	ch:334-S
92377,	23,	0,	ch:334-7
92391,	14,	0,	ch:334-6
92409,	18,	0,	ch:334-5
92423,	14,	0,	ch:334-4
92457,	34,	0,	ch:334-3
92472,	15,	0,	ch:334-2
92505,	33,	0,	ch:334-1
92520,	15,	0,	ch:334-0
92539,	19,	1,	ch:334-T
92554,	15,	0,	ch:335-S
92576,	22,	0,	ch:335-7
92590,	14,	0,	ch:335-6
92608,	18,	0,	ch:335-5
92622,	14,	0,	ch:335-4
92640,	18,	0,	ch:335-3
92654,	14,	0,	ch:335-2
92685,	31,	0,	ch:335-1
92699,	14,	0,	ch:335-0
92717,	18,	1,	ch:335-T
92731,	14,	0,	ch:336-S
92753,	22,	0,	ch:336-7
92768,	15,	0,	ch:336-6
92785,	17,	0,	ch:336-5
92799,	14,	0,	ch:336-4
92817,	18,	0,	ch:336-3
92831,	14,	0,	ch:336-2
92874,	43,	0,	ch:336-1
92890,	16,	0,	ch:336-0
92922,	32,	1,	ch:336-T
92937,	15,	0,	ch:337-S
92961,	24,	0,	ch:337-7
92977,	16,	0,	ch:337-6
92997,	20,	0,	ch:337-5
93015,	18,	0,	ch:337-4
93049,	34,	0,	ch:337-3
93063,	14,	0,	ch:337-2
93094,	31,	0,	ch:337-1
93109,	15,	0,	ch:337-0
93126,	17,	1,	ch:337-T
93141,	15,	0,	ch:338-S
93164,	23,	0,	ch:338-7
93178,	14,	0,	ch:338-6
93196,	18,	0,	ch:338-5
93210,	14,	0,	ch:338-4
93228,	18,	0,	ch:338-3
93242,	14,	0,	ch:338-2
93262,	20,	0,	ch:338-1
93277,	15,	0,	ch:338-0
93310,	33,	1,	ch:338-T
93325,	15,	0,	ch:339-S
93347,	22,	0,	ch:339-7
93361,	14,	0,	ch:339-6
93378,	17,	0,	ch:339-5
93393,	15,	0,	ch:339-4
93426,	33,	0,	ch:339-3
93441,	15,	0,	ch:339-2
93516,	75,	0,	ch:339-1
93531,	15,	0,	ch:339-0
93549,	18,	1,	ch:339-T
93564,	15,	0,	ch:340-S
93585,	21,	0,	ch:340-7
93599,	14,	0,	ch:340-6
93617,	18,	0,	ch:340-5
93631,	14,	0,	ch:340-4
93649,	18,	0,	ch:340-3
93663,	14,	0,	ch:340-2
93681,	18,	0,	ch:340-1
93695,	14,	0,	ch:340-0
93726,	31,	1,	ch:340-T
93741,	15,	0,	ch:341-S
93762,	21,	0,	ch:341-7
93778,	16,	0,	ch:341-6
93796,	18,	0,	ch:341-5
93812,	16,	0,	ch:341-4
93845,	33,	0,	ch:341-3
93859,	14,	0,	ch:341-2
93877,	18,	0,	ch:341-1
93892,	15,	0,	ch:341-0
93912,	20,	1,	ch:341-T
93927,	15,	0,	ch:342-S
93949,	22,	0,	ch:342-7
93967,	18,	0,	ch:342-6
93988,	21,	0,	ch:342-5
94010,	22,	0,	ch:342-4
94042,	32,	0,	ch:342-3
94057,	15,	0,	ch:342-2
94074,	17,	0,	ch:342-1
94089,	15,	0,	ch:342-0
94106,	17,	1,	ch:342-T
94123,	17,	0,	ch:343-S
94142,	19,	0,	ch:343-7
94157,	15,	0,	ch:343-6
94174,	17,	0,	ch:343-5
94189,	15,	0,	ch:343-4
94206,	17,	0,	ch:343-3
94221,	15,	0,	ch:343-2
94238,	17,	0,	ch:343-1
94255,	17,	0,	ch:343-0
94288,	33,	1,	ch:343-T
94304,	16,	0,	ch:344-S
94324,	20,	0,	ch:344-7
94338,	14,	0,	ch:344-6
94372,	34,	0,	ch:344-5
94386,	14,	0,	ch:344-4
94404,	18,	0,	ch:344-3
94418,	14,	0,	ch:344-2
94436,	18,	0,	ch:344-1
94450,	14,	0,	ch:344-0
94468,	18,	1,	ch:344-T
94482,	14,	0,	ch:345-S
94503,	21,	0,	ch:345-7
94518,	15,	0,	ch:345-6
94536,	18,	0,	ch:345-5
94550,	14,	0,	ch:345-4
94567,	17,	0,	ch:345-3
94585,	18,	0,	ch:345-2
94615,	30,	0,	ch:345-1
94630,	15,	0,	ch:345-0
94648,	18,	1,	ch:345-T
94662,	14,	0,	ch:346-S
94684,	22,	0,	ch:346-7
94698,	14,	0,	ch:346-6
94716,	18,	0,	ch:346-5
94730,	14,	0,	ch:346-4
94761,	31,	0,	ch:346-3
94775,	14,	0,	ch:346-2
94793,	18,	0,	ch:346-1
94807,	14,	0,	ch:346-0
94825,	18,	1,	ch:346-T
94839,	14,	0,	ch:347-S
94861,	22,	0,	ch:347-7
94875,	14,	0,	ch:347-6
94893,	18,	0,	ch:347-5
94907,	14,	0,	ch:347-4
94940,	33,	0,	ch:347-3
94956,	16,	0,	ch:347-2
94989,	33,	0,	ch:347-1
95003,	14,	0,	ch:347-0
95021,	18,	1,	ch:347-T
95035,	14,	0,	ch:348-S
95057,	22,	0,	ch:348-7
95071,	14,	0,	ch:348-6
95089,	18,	0,	ch:348-5
95103,	14,	0,	ch:348-4
95121,	18,	0,	ch:348-3
95135,	14,	0,	ch:348-2
95153,	18,	0,	ch:348-1
95167,	14,	0,	ch:348-0
95185,	18,	1,	ch:348-T
95202,	17,	0,	ch:349-S
95221,	19,	0,	ch:349-7
95235,	14,	0,	ch:349-6
95253,	18,	0,	ch:349-5
95267,	14,	0,	ch:349-4
95285,	18,	0,	ch:349-3
95299,	14,	0,	ch:349-2
95317,	18,	0,	ch:349-1
95331,	14,	0,	ch:349-0
95362,	31,	1,	ch:349-T
95377,	15,	0,	ch:350-S
95398,	21,	0,	ch:350-7
95415,	17,	0,	ch:350-6
95423,	8,	0,	ch:350-5
95456,	33,	0,	ch:350-4
95470,	14,	0,	ch:350-3
95487,	17,	0,	ch:350-2
95502,	15,	0,	ch:350-1
95520,	18,	0,	ch:350-0
95535,	15,	1,	ch:350-T
95572,	37,	0,	ch:351-S
95588,	16,	0,	ch:351-7
95605,	17,	0,	ch:351-6
95619,	14,	0,	ch:351-5
95638,	19,	0,	ch:351-4
95653,	15,	0,	ch:351-3
95726,	73,	0,	ch:351-2
95741,	15,	0,	ch:351-1
95758,	17,	0,	ch:351-0
95773,	15,	1,	ch:351-T
95808,	35,	0,	ch:352-S
95822,	14,	0,	ch:352-7
95853,	31,	0,	ch:352-6
95868,	15,	0,	ch:352-5
95885,	17,	0,	ch:352-4
95899,	14,	0,	ch:352-3
95918,	19,	0,	ch:352-2
95931,	13,	0,	ch:352-1
95965,	34,	0,	ch:352-0
95979,	14,	1,	ch:352-T
96016,	37,	0,	ch:353-S
96030,	14,	0,	ch:353-7
96048,	18,	0,	ch:353-6
96062,	14,	0,	ch:353-5
96080,	18,	0,	ch:353-4
96096,	16,	0,	ch:353-3
96128,	32,	0,	ch:353-2
96142,	14,	0,	ch:353-1
96173,	31,	0,	ch:353-0
96187,	14,	1,	ch:353-T
96224,	37,	0,	ch:354-S
96238,	14,	0,	ch:354-7
96256,	18,	0,	ch:354-6
96270,	14,	0,	ch:354-5
96288,	18,	0,	ch:354-4
96302,	14,	0,	ch:354-3
96320,	18,	0,	ch:354-2
96334,	14,	0,	ch:354-1
96352,	18,	0,	ch:354-0
96366,	14,	1,	ch:354-T
96404,	38,	0,	ch:355-S
96418,	14,	0,	ch:355-7
96436,	18,	0,	ch:355-6
96450,	14,	0,	ch:355-5
96467,	17,	0,	ch:355-4
96482,	15,	0,	ch:355-3
96500,	18,	0,	ch:355-2
96515,	15,	0,	ch:355-1
96532,	17,	0,	ch:355-0
96546,	14,	1,	ch:355-T
96582,	36,	0,	ch:356-S
96599,	17,	0,	ch:356-7
96632,	33,	0,	ch:356-6
96646,	14,	0,	ch:356-5
96664,	18,	0,	ch:356-4
96678,	14,	0,	ch:356-3
96699,	21,	0,	ch:356-2
96721,	22,	0,	ch:356-1
96759,	38,	0,	ch:356-0
96775,	16,	1,	ch:356-T
96818,	43,	0,	ch:357-S
96834,	16,	0,	ch:357-7
96855,	21,	0,	ch:357-6
96871,	16,	0,	ch:357-5
96902,	31,	0,	ch:357-4
96918,	16,	0,	ch:357-3
96936,	18,	0,	ch:357-2
96951,	15,	0,	ch:357-1
96971,	20,	0,	ch:357-0
96985,	14,	1,	ch:357-T
97021,	36,	0,	ch:358-S
97035,	14,	0,	ch:358-7
97053,	18,	0,	ch:358-6
97071,	18,	0,	ch:358-5
97089,	18,	0,	ch:358-4
97105,	16,	0,	ch:358-3
97122,	17,	0,	ch:358-2
97137,	15,	0,	ch:358-1
97167,	30,	0,	ch:358-0
97182,	15,	1,	ch:358-T
97218,	36,	0,	ch:359-S
97233,	15,	0,	ch:359-7
97250,	17,	0,	ch:359-6
97265,	15,	0,	ch:359-5
97282,	17,	0,	ch:359-4
97298,	16,	0,	ch:359-3
97310,	12,	0,	ch:359-2
97344,	34,	0,	ch:359-1
97358,	14,	0,	ch:359-0
97377,	19,	1,	ch:359-T
97391,	14,	0,	ch:360-S
97413,	22,	0,	ch:360-7
97427,	14,	0,	ch:360-6
97445,	18,	0,	ch:360-5
97459,	14,	0,	ch:360-4
97490,	31,	0,	ch:360-3
97505,	15,	0,	ch:360-2
97522,	17,	0,	ch:360-1
97537,	15,	0,	ch:360-0
97554,	17,	1,	ch:360-T
97569,	15,	0,	ch:361-S
97590,	21,	0,	ch:361-7
97605,	15,	0,	ch:361-6
97622,	17,	0,	ch:361-5
97637,	15,	0,	ch:361-4
97654,	17,	0,	ch:361-3
97669,	15,	0,	ch:361-2
97699,	30,	0,	ch:361-1
97714,	15,	0,	ch:361-0
97732,	18,	1,	ch:361-T
97746,	14,	0,	ch:362-S
97768,	22,	0,	ch:362-7
97782,	14,	0,	ch:362-6
97813,	31,	0,	ch:362-5
97827,	14,	0,	ch:362-4
97845,	18,	0,	ch:362-3
97860,	15,	0,	ch:362-2
97864,	4,	0,	ch:362-1
97885,	21,	0,	ch:362-0
97907,	22,	1,	ch:362-T
97942,	35,	0,	ch:363-S
97960,	18,	0,	ch:363-7
97995,	35,	0,	ch:363-6
98012,	17,	0,	ch:363-5
98046,	34,	0,	ch:363-4
98061,	15,	0,	ch:363-3
98078,	17,	0,	ch:363-2
98093,	15,	0,	ch:363-1
98110,	17,	0,	ch:363-0
98125,	15,	1,	ch:363-T
98137,	12,	0,	ch:364-S
98154,	17,	0,	ch:364-7
98170,	16,	0,	ch:364-6
98185,	15,	0,	ch:364-5
98217,	32,	0,	ch:364-4
98231,	14,	0,	ch:364-3
98249,	18,	0,	ch:364-2
98263,	14,	0,	ch:364-1
98281,	18,	0,	ch:364-0
98295,	14,	1,	ch:364-T
98332,	37,	0,	ch:365-S
98346,	14,	0,	ch:365-7
98364,	18,	0,	ch:365-6
98378,	14,	0,	ch:365-5
98396,	18,	0,	ch:365-4
98410,	14,	0,	ch:365-3
98444,	34,	0,	ch:365-2
98458,	14,	0,	ch:365-1
98476,	18,	0,	ch:365-0
98490,	14,	1,	ch:365-T
98526,	36,	0,	ch:366-S
98541,	15,	0,	ch:366-7
98558,	17,	0,	ch:366-6
98573,	15,	0,	ch:366-5
98590,	17,	0,	ch:366-4
98605,	15,	0,	ch:366-3
98622,	17,	0,	ch:366-2
98637,	15,	0,	ch:366-1
98655,	18,	0,	ch:366-0
98695,	40,	1,	ch:366-T
98732,	37,	0,	ch:367-S
98750,	18,	0,	ch:367-7
98782,	32,	0,	ch:367-6
98797,	15,	0,	ch:367-5
98840,	43,	0,	ch:367-4
98855,	15,	0,	ch:367-3
98897,	42,	0,	ch:367-2
98914,	17,	0,	ch:367-1
98946,	32,	0,	ch:367-0
98961,	15,	1,	ch:367-T
98986,	25,	0,	ch:368-S
99003,	17,	0,	ch:368-7
99035,	32,	0,	ch:368-6
99049,	14,	0,	ch:368-5
99087,	38,	0,	ch:368-4
99102,	15,	0,	ch:368-3
99133,	31,	0,	ch:368-2
99147,	14,	0,	ch:368-1
99165,	18,	0,	ch:368-0
99179,	14,	1,	ch:368-T
99216,	37,	0,	ch:369-S
99234,	18,	0,	ch:369-7
99254,	20,	0,	ch:369-6
99271,	17,	0,	ch:369-5
99304,	33,	0,	ch:369-4
99318,	14,	0,	ch:369-3
99336,	18,	0,	ch:369-2
99350,	14,	0,	ch:369-1
99368,	18,	0,	ch:369-0
99382,	14,	1,	ch:369-T
99418,	36,	0,	ch:370-S
99433,	15,	0,	ch:370-7
99450,	17,	0,	ch:370-6
99465,	15,	0,	ch:370-5
99482,	17,	0,	ch:370-4
99497,	15,	0,	ch:370-3
99514,	17,	0,	ch:370-2
99531,	17,	0,	ch:370-1
99562,	31,	0,	ch:370-0
99577,	15,	1,	ch:370-T
99613,	36,	0,	ch:371-S
99627,	14,	0,	ch:371-7
99645,	18,	0,	ch:371-6
99659,	14,	0,	ch:371-5
99677,	18,	0,	ch:371-4
99691,	14,	0,	ch:371-3
99709,	18,	0,	ch:371-2
99723,	14,	0,	ch:371-1
99741,	18,	0,	ch:371-0
99755,	14,	1,	ch:371-T
99792,	37,	0,	ch:372-S
99806,	14,	0,	ch:372-7
99837,	31,	0,	ch:372-6
99851,	14,	0,	ch:372-5
99869,	18,	0,	ch:372-4
99884,	15,	0,	ch:372-3
99901,	17,	0,	ch:372-2
99919,	18,	0,	ch:372-1
99938,	19,	0,	ch:372-0
99961,	23,	1,	ch:372-T
99997,	36,	0,	ch:373-S
100012,	15,	0,	ch:373-7
100031,	19,	0,	ch:373-6
100047,	16,	0,	ch:373-5
100072,	25,	0,	ch:373-4
100084,	12,	0,	ch:373-3
100090,	6,	0,	ch:373-2
100110,	20,	0,	ch:373-1
100122,	12,	0,	ch:373-0
100137,	15,	1,	ch:373-T
100161,	24,	0,	ch:374-S
